Sexo;Comunidades y Ciudades Autónomas;Edad;Periodo;Total
Hombres;01 Andalucía;Total;2021T3;428
Hombres;01 Andalucía;Total;2021T2;401,3
Hombres;01 Andalucía;Total;2021T1;411,6
Hombres;01 Andalucía;Total;2020T4;414,5
Hombres;01 Andalucía;Total;2020T3;431,4
Hombres;01 Andalucía;Total;2020T2;379,7
Hombres;01 Andalucía;Total;2020T1;387,5
Hombres;01 Andalucía;Total;2019T4;385,9
Hombres;01 Andalucía;Total;2019T3;398,8
Hombres;01 Andalucía;Total;2019T2;383,1
Hombres;01 Andalucía;Total;2019T1;375,4
Hombres;01 Andalucía;Total;2018T4;389
Hombres;01 Andalucía;Total;2018T3;420,7
Hombres;01 Andalucía;Total;2018T2;435,7
Hombres;01 Andalucía;Total;2018T1;466
Hombres;01 Andalucía;Total;2017T4;467,7
Hombres;01 Andalucía;Total;2017T3;492,5
Hombres;01 Andalucía;Total;2017T2;506,9
Hombres;01 Andalucía;Total;2017T1;529,6
Hombres;01 Andalucía;Total;2016T4;561,1
Hombres;01 Andalucía;Total;2016T3;556,9
Hombres;01 Andalucía;Total;2016T2;581,3
Hombres;01 Andalucía;Total;2016T1;587,4
Hombres;01 Andalucía;Total;2015T4;598
Hombres;01 Andalucía;Total;2015T3;652,3
Hombres;01 Andalucía;Total;2015T2;635,1
Hombres;01 Andalucía;Total;2015T1;682,8
Hombres;01 Andalucía;Total;2014T4;706,1
Hombres;01 Andalucía;Total;2014T3;729,8
Hombres;01 Andalucía;Total;2014T2;727,7
Hombres;01 Andalucía;Total;2014T1;734,5
Hombres;01 Andalucía;Total;2013T4;752,2
Hombres;01 Andalucía;Total;2013T3;768,3
Hombres;01 Andalucía;Total;2013T2;764,8
Hombres;01 Andalucía;Total;2013T1;786,4
Hombres;01 Andalucía;Total;2012T4;757,8
Hombres;01 Andalucía;Total;2012T3;772,2
Hombres;01 Andalucía;Total;2012T2;743,1
Hombres;01 Andalucía;Total;2012T1;703,2
Hombres;01 Andalucía;Total;2011T4;670,3
Hombres;01 Andalucía;Total;2011T3;655,3
Hombres;01 Andalucía;Total;2011T2;628,7
Hombres;01 Andalucía;Total;2011T1;624
Hombres;02 Aragón;Total;2021T3;27,1
Hombres;02 Aragón;Total;2021T2;27
Hombres;02 Aragón;Total;2021T1;34,3
Hombres;02 Aragón;Total;2020T4;34,7
Hombres;02 Aragón;Total;2020T3;35,9
Hombres;02 Aragón;Total;2020T2;35,1
Hombres;02 Aragón;Total;2020T1;33,7
Hombres;02 Aragón;Total;2019T4;30,8
Hombres;02 Aragón;Total;2019T3;31,1
Hombres;02 Aragón;Total;2019T2;30,4
Hombres;02 Aragón;Total;2019T1;32,3
Hombres;02 Aragón;Total;2018T4;34,6
Hombres;02 Aragón;Total;2018T3;27,2
Hombres;02 Aragón;Total;2018T2;30,9
Hombres;02 Aragón;Total;2018T1;36,7
Hombres;02 Aragón;Total;2017T4;30,3
Hombres;02 Aragón;Total;2017T3;28,4
Hombres;02 Aragón;Total;2017T2;28,7
Hombres;02 Aragón;Total;2017T1;37,8
Hombres;02 Aragón;Total;2016T4;40,3
Hombres;02 Aragón;Total;2016T3;43,6
Hombres;02 Aragón;Total;2016T2;43,9
Hombres;02 Aragón;Total;2016T1;42,3
Hombres;02 Aragón;Total;2015T4;41,2
Hombres;02 Aragón;Total;2015T3;43,8
Hombres;02 Aragón;Total;2015T2;48,1
Hombres;02 Aragón;Total;2015T1;54,6
Hombres;02 Aragón;Total;2014T4;54,9
Hombres;02 Aragón;Total;2014T3;57,1
Hombres;02 Aragón;Total;2014T2;70,5
Hombres;02 Aragón;Total;2014T1;76,5
Hombres;02 Aragón;Total;2013T4;70,8
Hombres;02 Aragón;Total;2013T3;69,7
Hombres;02 Aragón;Total;2013T2;70,3
Hombres;02 Aragón;Total;2013T1;80,1
Hombres;02 Aragón;Total;2012T4;62
Hombres;02 Aragón;Total;2012T3;67,1
Hombres;02 Aragón;Total;2012T2;67,6
Hombres;02 Aragón;Total;2012T1;65,7
Hombres;02 Aragón;Total;2011T4;62,7
Hombres;02 Aragón;Total;2011T3;57,5
Hombres;02 Aragón;Total;2011T2;63,9
Hombres;02 Aragón;Total;2011T1;65,8
Hombres;03 Asturias, Principado de;Total;2021T3;26,7
Hombres;03 Asturias, Principado de;Total;2021T2;27,7
Hombres;03 Asturias, Principado de;Total;2021T1;28,7
Hombres;03 Asturias, Principado de;Total;2020T4;29,5
Hombres;03 Asturias, Principado de;Total;2020T3;30,4
Hombres;03 Asturias, Principado de;Total;2020T2;34,7
Hombres;03 Asturias, Principado de;Total;2020T1;31,9
Hombres;03 Asturias, Principado de;Total;2019T4;29,5
Hombres;03 Asturias, Principado de;Total;2019T3;33
Hombres;03 Asturias, Principado de;Total;2019T2;28,3
Hombres;03 Asturias, Principado de;Total;2019T1;32,6
Hombres;03 Asturias, Principado de;Total;2018T4;26,4
Hombres;03 Asturias, Principado de;Total;2018T3;30,9
Hombres;03 Asturias, Principado de;Total;2018T2;25,3
Hombres;03 Asturias, Principado de;Total;2018T1;32,9
Hombres;03 Asturias, Principado de;Total;2017T4;32,7
Hombres;03 Asturias, Principado de;Total;2017T3;33,2
Hombres;03 Asturias, Principado de;Total;2017T2;29,4
Hombres;03 Asturias, Principado de;Total;2017T1;33
Hombres;03 Asturias, Principado de;Total;2016T4;35,8
Hombres;03 Asturias, Principado de;Total;2016T3;46,8
Hombres;03 Asturias, Principado de;Total;2016T2;52,2
Hombres;03 Asturias, Principado de;Total;2016T1;48,1
Hombres;03 Asturias, Principado de;Total;2015T4;50,6
Hombres;03 Asturias, Principado de;Total;2015T3;42,5
Hombres;03 Asturias, Principado de;Total;2015T2;51,2
Hombres;03 Asturias, Principado de;Total;2015T1;44,1
Hombres;03 Asturias, Principado de;Total;2014T4;50,4
Hombres;03 Asturias, Principado de;Total;2014T3;46
Hombres;03 Asturias, Principado de;Total;2014T2;49,8
Hombres;03 Asturias, Principado de;Total;2014T1;54,2
Hombres;03 Asturias, Principado de;Total;2013T4;54,7
Hombres;03 Asturias, Principado de;Total;2013T3;60,7
Hombres;03 Asturias, Principado de;Total;2013T2;64,7
Hombres;03 Asturias, Principado de;Total;2013T1;66,6
Hombres;03 Asturias, Principado de;Total;2012T4;61,6
Hombres;03 Asturias, Principado de;Total;2012T3;58,1
Hombres;03 Asturias, Principado de;Total;2012T2;56,7
Hombres;03 Asturias, Principado de;Total;2012T1;53,2
Hombres;03 Asturias, Principado de;Total;2011T4;52,3
Hombres;03 Asturias, Principado de;Total;2011T3;46,6
Hombres;03 Asturias, Principado de;Total;2011T2;46,8
Hombres;03 Asturias, Principado de;Total;2011T1;45,8
Hombres;04 Balears, Illes;Total;2021T3;35,7
Hombres;04 Balears, Illes;Total;2021T2;49
Hombres;04 Balears, Illes;Total;2021T1;55
Hombres;04 Balears, Illes;Total;2020T4;56
Hombres;04 Balears, Illes;Total;2020T3;48,5
Hombres;04 Balears, Illes;Total;2020T2;49,2
Hombres;04 Balears, Illes;Total;2020T1;48,2
Hombres;04 Balears, Illes;Total;2019T4;32,2
Hombres;04 Balears, Illes;Total;2019T3;28,5
Hombres;04 Balears, Illes;Total;2019T2;32,3
Hombres;04 Balears, Illes;Total;2019T1;49,8
Hombres;04 Balears, Illes;Total;2018T4;38,6
Hombres;04 Balears, Illes;Total;2018T3;26,5
Hombres;04 Balears, Illes;Total;2018T2;38,4
Hombres;04 Balears, Illes;Total;2018T1;60,3
Hombres;04 Balears, Illes;Total;2017T4;44,7
Hombres;04 Balears, Illes;Total;2017T3;32,3
Hombres;04 Balears, Illes;Total;2017T2;37,1
Hombres;04 Balears, Illes;Total;2017T1;51,1
Hombres;04 Balears, Illes;Total;2016T4;41,2
Hombres;04 Balears, Illes;Total;2016T3;35,2
Hombres;04 Balears, Illes;Total;2016T2;40,3
Hombres;04 Balears, Illes;Total;2016T1;60,5
Hombres;04 Balears, Illes;Total;2015T4;55,7
Hombres;04 Balears, Illes;Total;2015T3;53,4
Hombres;04 Balears, Illes;Total;2015T2;50,9
Hombres;04 Balears, Illes;Total;2015T1;68,5
Hombres;04 Balears, Illes;Total;2014T4;63,8
Hombres;04 Balears, Illes;Total;2014T3;59,9
Hombres;04 Balears, Illes;Total;2014T2;68,7
Hombres;04 Balears, Illes;Total;2014T1;86,9
Hombres;04 Balears, Illes;Total;2013T4;79,1
Hombres;04 Balears, Illes;Total;2013T3;59,3
Hombres;04 Balears, Illes;Total;2013T2;69,5
Hombres;04 Balears, Illes;Total;2013T1;92,2
Hombres;04 Balears, Illes;Total;2012T4;79,7
Hombres;04 Balears, Illes;Total;2012T3;65,7
Hombres;04 Balears, Illes;Total;2012T2;65,3
Hombres;04 Balears, Illes;Total;2012T1;86,5
Hombres;04 Balears, Illes;Total;2011T4;83,5
Hombres;04 Balears, Illes;Total;2011T3;66
Hombres;04 Balears, Illes;Total;2011T2;66,3
Hombres;04 Balears, Illes;Total;2011T1;74,1
Hombres;05 Canarias;Total;2021T3;134,3
Hombres;05 Canarias;Total;2021T2;136,9
Hombres;05 Canarias;Total;2021T1;138,5
Hombres;05 Canarias;Total;2020T4;135,2
Hombres;05 Canarias;Total;2020T3;130
Hombres;05 Canarias;Total;2020T2;125,1
Hombres;05 Canarias;Total;2020T1;107,2
Hombres;05 Canarias;Total;2019T4;107,8
Hombres;05 Canarias;Total;2019T3;113,3
Hombres;05 Canarias;Total;2019T2;125,3
Hombres;05 Canarias;Total;2019T1;123,3
Hombres;05 Canarias;Total;2018T4;116,6
Hombres;05 Canarias;Total;2018T3;115,8
Hombres;05 Canarias;Total;2018T2;106,9
Hombres;05 Canarias;Total;2018T1;113,9
Hombres;05 Canarias;Total;2017T4;118,8
Hombres;05 Canarias;Total;2017T3;106,6
Hombres;05 Canarias;Total;2017T2;128,5
Hombres;05 Canarias;Total;2017T1;140,5
Hombres;05 Canarias;Total;2016T4;137,1
Hombres;05 Canarias;Total;2016T3;143,2
Hombres;05 Canarias;Total;2016T2;149,9
Hombres;05 Canarias;Total;2016T1;144
Hombres;05 Canarias;Total;2015T4;157
Hombres;05 Canarias;Total;2015T3;157
Hombres;05 Canarias;Total;2015T2;177
Hombres;05 Canarias;Total;2015T1;181,5
Hombres;05 Canarias;Total;2014T4;178,3
Hombres;05 Canarias;Total;2014T3;189,8
Hombres;05 Canarias;Total;2014T2;187
Hombres;05 Canarias;Total;2014T1;193,7
Hombres;05 Canarias;Total;2013T4;203,7
Hombres;05 Canarias;Total;2013T3;212,6
Hombres;05 Canarias;Total;2013T2;194,5
Hombres;05 Canarias;Total;2013T1;205,6
Hombres;05 Canarias;Total;2012T4;195,8
Hombres;05 Canarias;Total;2012T3;195,6
Hombres;05 Canarias;Total;2012T2;193
Hombres;05 Canarias;Total;2012T1;179,7
Hombres;05 Canarias;Total;2011T4;178,2
Hombres;05 Canarias;Total;2011T3;173,2
Hombres;05 Canarias;Total;2011T2;176,9
Hombres;05 Canarias;Total;2011T1;171,1
Hombres;06 Cantabria;Total;2021T3;13,9
Hombres;06 Cantabria;Total;2021T2;14,1
Hombres;06 Cantabria;Total;2021T1;15,7
Hombres;06 Cantabria;Total;2020T4;15,6
Hombres;06 Cantabria;Total;2020T3;16,8
Hombres;06 Cantabria;Total;2020T2;19
Hombres;06 Cantabria;Total;2020T1;15
Hombres;06 Cantabria;Total;2019T4;15
Hombres;06 Cantabria;Total;2019T3;11,9
Hombres;06 Cantabria;Total;2019T2;12,9
Hombres;06 Cantabria;Total;2019T1;16,5
Hombres;06 Cantabria;Total;2018T4;12,2
Hombres;06 Cantabria;Total;2018T3;11,6
Hombres;06 Cantabria;Total;2018T2;14,2
Hombres;06 Cantabria;Total;2018T1;15,3
Hombres;06 Cantabria;Total;2017T4;18,9
Hombres;06 Cantabria;Total;2017T3;18,2
Hombres;06 Cantabria;Total;2017T2;19,9
Hombres;06 Cantabria;Total;2017T1;19,7
Hombres;06 Cantabria;Total;2016T4;18,6
Hombres;06 Cantabria;Total;2016T3;17,9
Hombres;06 Cantabria;Total;2016T2;20,9
Hombres;06 Cantabria;Total;2016T1;27,5
Hombres;06 Cantabria;Total;2015T4;25,3
Hombres;06 Cantabria;Total;2015T3;24,4
Hombres;06 Cantabria;Total;2015T2;23,9
Hombres;06 Cantabria;Total;2015T1;24,6
Hombres;06 Cantabria;Total;2014T4;29,1
Hombres;06 Cantabria;Total;2014T3;30,3
Hombres;06 Cantabria;Total;2014T2;30,2
Hombres;06 Cantabria;Total;2014T1;32,1
Hombres;06 Cantabria;Total;2013T4;28,4
Hombres;06 Cantabria;Total;2013T3;29,4
Hombres;06 Cantabria;Total;2013T2;32,6
Hombres;06 Cantabria;Total;2013T1;32
Hombres;06 Cantabria;Total;2012T4;29,9
Hombres;06 Cantabria;Total;2012T3;26,1
Hombres;06 Cantabria;Total;2012T2;28,4
Hombres;06 Cantabria;Total;2012T1;28,2
Hombres;06 Cantabria;Total;2011T4;25,4
Hombres;06 Cantabria;Total;2011T3;23,6
Hombres;06 Cantabria;Total;2011T2;25,5
Hombres;06 Cantabria;Total;2011T1;26,6
Hombres;07 Castilla y León;Total;2021T3;46,2
Hombres;07 Castilla y León;Total;2021T2;61,9
Hombres;07 Castilla y León;Total;2021T1;64,2
Hombres;07 Castilla y León;Total;2020T4;55,3
Hombres;07 Castilla y León;Total;2020T3;64,9
Hombres;07 Castilla y León;Total;2020T2;67,6
Hombres;07 Castilla y León;Total;2020T1;64,7
Hombres;07 Castilla y León;Total;2019T4;59,4
Hombres;07 Castilla y León;Total;2019T3;59,6
Hombres;07 Castilla y León;Total;2019T2;61,3
Hombres;07 Castilla y León;Total;2019T1;64,7
Hombres;07 Castilla y León;Total;2018T4;59,6
Hombres;07 Castilla y León;Total;2018T3;62,1
Hombres;07 Castilla y León;Total;2018T2;60,9
Hombres;07 Castilla y León;Total;2018T1;70,7
Hombres;07 Castilla y León;Total;2017T4;68,8
Hombres;07 Castilla y León;Total;2017T3;64,2
Hombres;07 Castilla y León;Total;2017T2;78,6
Hombres;07 Castilla y León;Total;2017T1;84,5
Hombres;07 Castilla y León;Total;2016T4;82,9
Hombres;07 Castilla y León;Total;2016T3;74,8
Hombres;07 Castilla y León;Total;2016T2;92,7
Hombres;07 Castilla y León;Total;2016T1;104,8
Hombres;07 Castilla y León;Total;2015T4;93,7
Hombres;07 Castilla y León;Total;2015T3;92,3
Hombres;07 Castilla y León;Total;2015T2;101,8
Hombres;07 Castilla y León;Total;2015T1;115,7
Hombres;07 Castilla y León;Total;2014T4;116
Hombres;07 Castilla y León;Total;2014T3;112,3
Hombres;07 Castilla y León;Total;2014T2;129,2
Hombres;07 Castilla y León;Total;2014T1;133,3
Hombres;07 Castilla y León;Total;2013T4;133,4
Hombres;07 Castilla y León;Total;2013T3;122,1
Hombres;07 Castilla y León;Total;2013T2;125,3
Hombres;07 Castilla y León;Total;2013T1;139,7
Hombres;07 Castilla y León;Total;2012T4;126,3
Hombres;07 Castilla y León;Total;2012T3;115,7
Hombres;07 Castilla y León;Total;2012T2;121,3
Hombres;07 Castilla y León;Total;2012T1;118,9
Hombres;07 Castilla y León;Total;2011T4;106,1
Hombres;07 Castilla y León;Total;2011T3;104,1
Hombres;07 Castilla y León;Total;2011T2;104,1
Hombres;07 Castilla y León;Total;2011T1;107,3
Hombres;08 Castilla - La Mancha;Total;2021T3;67
Hombres;08 Castilla - La Mancha;Total;2021T2;70,6
Hombres;08 Castilla - La Mancha;Total;2021T1;68,5
Hombres;08 Castilla - La Mancha;Total;2020T4;68,3
Hombres;08 Castilla - La Mancha;Total;2020T3;80,8
Hombres;08 Castilla - La Mancha;Total;2020T2;74,8
Hombres;08 Castilla - La Mancha;Total;2020T1;74,5
Hombres;08 Castilla - La Mancha;Total;2019T4;67,8
Hombres;08 Castilla - La Mancha;Total;2019T3;67,7
Hombres;08 Castilla - La Mancha;Total;2019T2;70,4
Hombres;08 Castilla - La Mancha;Total;2019T1;64
Hombres;08 Castilla - La Mancha;Total;2018T4;65,8
Hombres;08 Castilla - La Mancha;Total;2018T3;72,2
Hombres;08 Castilla - La Mancha;Total;2018T2;77,5
Hombres;08 Castilla - La Mancha;Total;2018T1;85,5
Hombres;08 Castilla - La Mancha;Total;2017T4;86,7
Hombres;08 Castilla - La Mancha;Total;2017T3;80,8
Hombres;08 Castilla - La Mancha;Total;2017T2;103,1
Hombres;08 Castilla - La Mancha;Total;2017T1;103,4
Hombres;08 Castilla - La Mancha;Total;2016T4;104,4
Hombres;08 Castilla - La Mancha;Total;2016T3;108,9
Hombres;08 Castilla - La Mancha;Total;2016T2;110,1
Hombres;08 Castilla - La Mancha;Total;2016T1;120,8
Hombres;08 Castilla - La Mancha;Total;2015T4;117,5
Hombres;08 Castilla - La Mancha;Total;2015T3;115,8
Hombres;08 Castilla - La Mancha;Total;2015T2;125,9
Hombres;08 Castilla - La Mancha;Total;2015T1;144,4
Hombres;08 Castilla - La Mancha;Total;2014T4;140,1
Hombres;08 Castilla - La Mancha;Total;2014T3;146,8
Hombres;08 Castilla - La Mancha;Total;2014T2;146,7
Hombres;08 Castilla - La Mancha;Total;2014T1;159,7
Hombres;08 Castilla - La Mancha;Total;2013T4;152,6
Hombres;08 Castilla - La Mancha;Total;2013T3;158,4
Hombres;08 Castilla - La Mancha;Total;2013T2;162,8
Hombres;08 Castilla - La Mancha;Total;2013T1;164,2
Hombres;08 Castilla - La Mancha;Total;2012T4;152,9
Hombres;08 Castilla - La Mancha;Total;2012T3;149
Hombres;08 Castilla - La Mancha;Total;2012T2;153,3
Hombres;08 Castilla - La Mancha;Total;2012T1;146,8
Hombres;08 Castilla - La Mancha;Total;2011T4;132,8
Hombres;08 Castilla - La Mancha;Total;2011T3;122
Hombres;08 Castilla - La Mancha;Total;2011T2;121,9
Hombres;08 Castilla - La Mancha;Total;2011T1;116
Hombres;09 Cataluña;Total;2021T3;205,1
Hombres;09 Cataluña;Total;2021T2;223,2
Hombres;09 Cataluña;Total;2021T1;231,3
Hombres;09 Cataluña;Total;2020T4;259,8
Hombres;09 Cataluña;Total;2020T3;245,9
Hombres;09 Cataluña;Total;2020T2;246,7
Hombres;09 Cataluña;Total;2020T1;200,7
Hombres;09 Cataluña;Total;2019T4;202,9
Hombres;09 Cataluña;Total;2019T3;209,5
Hombres;09 Cataluña;Total;2019T2;221,4
Hombres;09 Cataluña;Total;2019T1;223,5
Hombres;09 Cataluña;Total;2018T4;220,1
Hombres;09 Cataluña;Total;2018T3;211,2
Hombres;09 Cataluña;Total;2018T2;217,8
Hombres;09 Cataluña;Total;2018T1;227
Hombres;09 Cataluña;Total;2017T4;236,5
Hombres;09 Cataluña;Total;2017T3;234,2
Hombres;09 Cataluña;Total;2017T2;243,1
Hombres;09 Cataluña;Total;2017T1;280,5
Hombres;09 Cataluña;Total;2016T4;274,9
Hombres;09 Cataluña;Total;2016T3;275,5
Hombres;09 Cataluña;Total;2016T2;284,2
Hombres;09 Cataluña;Total;2016T1;323,6
Hombres;09 Cataluña;Total;2015T4;329,4
Hombres;09 Cataluña;Total;2015T3;333,9
Hombres;09 Cataluña;Total;2015T2;365,6
Hombres;09 Cataluña;Total;2015T1;398,5
Hombres;09 Cataluña;Total;2014T4;406,3
Hombres;09 Cataluña;Total;2014T3;381,6
Hombres;09 Cataluña;Total;2014T2;408
Hombres;09 Cataluña;Total;2014T1;462,7
Hombres;09 Cataluña;Total;2013T4;453,6
Hombres;09 Cataluña;Total;2013T3;480,1
Hombres;09 Cataluña;Total;2013T2;494,9
Hombres;09 Cataluña;Total;2013T1;526,9
Hombres;09 Cataluña;Total;2012T4;512,9
Hombres;09 Cataluña;Total;2012T3;484,4
Hombres;09 Cataluña;Total;2012T2;479,9
Hombres;09 Cataluña;Total;2012T1;472,9
Hombres;09 Cataluña;Total;2011T4;441,4
Hombres;09 Cataluña;Total;2011T3;439,3
Hombres;09 Cataluña;Total;2011T2;396,7
Hombres;09 Cataluña;Total;2011T1;424,5
Hombres;10 Comunitat Valenciana;Total;2021T3;185,8
Hombres;10 Comunitat Valenciana;Total;2021T2;186,5
Hombres;10 Comunitat Valenciana;Total;2021T1;193,5
Hombres;10 Comunitat Valenciana;Total;2020T4;189,8
Hombres;10 Comunitat Valenciana;Total;2020T3;196,6
Hombres;10 Comunitat Valenciana;Total;2020T2;188,1
Hombres;10 Comunitat Valenciana;Total;2020T1;171,3
Hombres;10 Comunitat Valenciana;Total;2019T4;157,2
Hombres;10 Comunitat Valenciana;Total;2019T3;151,7
Hombres;10 Comunitat Valenciana;Total;2019T2;159,6
Hombres;10 Comunitat Valenciana;Total;2019T1;153,2
Hombres;10 Comunitat Valenciana;Total;2018T4;163,8
Hombres;10 Comunitat Valenciana;Total;2018T3;177,8
Hombres;10 Comunitat Valenciana;Total;2018T2;186,3
Hombres;10 Comunitat Valenciana;Total;2018T1;206,6
Hombres;10 Comunitat Valenciana;Total;2017T4;193,9
Hombres;10 Comunitat Valenciana;Total;2017T3;216,9
Hombres;10 Comunitat Valenciana;Total;2017T2;211,7
Hombres;10 Comunitat Valenciana;Total;2017T1;244
Hombres;10 Comunitat Valenciana;Total;2016T4;226,8
Hombres;10 Comunitat Valenciana;Total;2016T3;240,9
Hombres;10 Comunitat Valenciana;Total;2016T2;249
Hombres;10 Comunitat Valenciana;Total;2016T1;270,6
Hombres;10 Comunitat Valenciana;Total;2015T4;265,4
Hombres;10 Comunitat Valenciana;Total;2015T3;280,7
Hombres;10 Comunitat Valenciana;Total;2015T2;292
Hombres;10 Comunitat Valenciana;Total;2015T1;311,6
Hombres;10 Comunitat Valenciana;Total;2014T4;299,7
Hombres;10 Comunitat Valenciana;Total;2014T3;327,5
Hombres;10 Comunitat Valenciana;Total;2014T2;340,8
Hombres;10 Comunitat Valenciana;Total;2014T1;356,6
Hombres;10 Comunitat Valenciana;Total;2013T4;350,7
Hombres;10 Comunitat Valenciana;Total;2013T3;365,1
Hombres;10 Comunitat Valenciana;Total;2013T2;367,3
Hombres;10 Comunitat Valenciana;Total;2013T1;372,8
Hombres;10 Comunitat Valenciana;Total;2012T4;372,1
Hombres;10 Comunitat Valenciana;Total;2012T3;374,5
Hombres;10 Comunitat Valenciana;Total;2012T2;373,6
Hombres;10 Comunitat Valenciana;Total;2012T1;375,7
Hombres;10 Comunitat Valenciana;Total;2011T4;345,6
Hombres;10 Comunitat Valenciana;Total;2011T3;325,5
Hombres;10 Comunitat Valenciana;Total;2011T2;310,2
Hombres;10 Comunitat Valenciana;Total;2011T1;318
Hombres;11 Extremadura;Total;2021T3;37,4
Hombres;11 Extremadura;Total;2021T2;36,7
Hombres;11 Extremadura;Total;2021T1;47
Hombres;11 Extremadura;Total;2020T4;45,4
Hombres;11 Extremadura;Total;2020T3;46,4
Hombres;11 Extremadura;Total;2020T2;45,8
Hombres;11 Extremadura;Total;2020T1;53,2
Hombres;11 Extremadura;Total;2019T4;52,8
Hombres;11 Extremadura;Total;2019T3;42,2
Hombres;11 Extremadura;Total;2019T2;42,5
Hombres;11 Extremadura;Total;2019T1;45,8
Hombres;11 Extremadura;Total;2018T4;51,1
Hombres;11 Extremadura;Total;2018T3;49,5
Hombres;11 Extremadura;Total;2018T2;55
Hombres;11 Extremadura;Total;2018T1;59,7
Hombres;11 Extremadura;Total;2017T4;58,7
Hombres;11 Extremadura;Total;2017T3;61,2
Hombres;11 Extremadura;Total;2017T2;60,8
Hombres;11 Extremadura;Total;2017T1;71
Hombres;11 Extremadura;Total;2016T4;68
Hombres;11 Extremadura;Total;2016T3;62,3
Hombres;11 Extremadura;Total;2016T2;65,6
Hombres;11 Extremadura;Total;2016T1;72,2
Hombres;11 Extremadura;Total;2015T4;66,7
Hombres;11 Extremadura;Total;2015T3;76,3
Hombres;11 Extremadura;Total;2015T2;75
Hombres;11 Extremadura;Total;2015T1;74,2
Hombres;11 Extremadura;Total;2014T4;78,1
Hombres;11 Extremadura;Total;2014T3;68,9
Hombres;11 Extremadura;Total;2014T2;77,1
Hombres;11 Extremadura;Total;2014T1;84,9
Hombres;11 Extremadura;Total;2013T4;82,9
Hombres;11 Extremadura;Total;2013T3;91,6
Hombres;11 Extremadura;Total;2013T2;92,8
Hombres;11 Extremadura;Total;2013T1;101,4
Hombres;11 Extremadura;Total;2012T4;91,8
Hombres;11 Extremadura;Total;2012T3;89,2
Hombres;11 Extremadura;Total;2012T2;88,9
Hombres;11 Extremadura;Total;2012T1;87,5
Hombres;11 Extremadura;Total;2011T4;73,9
Hombres;11 Extremadura;Total;2011T3;63,1
Hombres;11 Extremadura;Total;2011T2;61,7
Hombres;11 Extremadura;Total;2011T1;66,9
Hombres;12 Galicia;Total;2021T3;61,4
Hombres;12 Galicia;Total;2021T2;71,7
Hombres;12 Galicia;Total;2021T1;74,7
Hombres;12 Galicia;Total;2020T4;65,4
Hombres;12 Galicia;Total;2020T3;69
Hombres;12 Galicia;Total;2020T2;71,8
Hombres;12 Galicia;Total;2020T1;71,9
Hombres;12 Galicia;Total;2019T4;66,2
Hombres;12 Galicia;Total;2019T3;63,7
Hombres;12 Galicia;Total;2019T2;68,9
Hombres;12 Galicia;Total;2019T1;77,5
Hombres;12 Galicia;Total;2018T4;72,7
Hombres;12 Galicia;Total;2018T3;72
Hombres;12 Galicia;Total;2018T2;82,3
Hombres;12 Galicia;Total;2018T1;91,1
Hombres;12 Galicia;Total;2017T4;91,7
Hombres;12 Galicia;Total;2017T3;86,2
Hombres;12 Galicia;Total;2017T2;99,6
Hombres;12 Galicia;Total;2017T1;111,9
Hombres;12 Galicia;Total;2016T4;102,7
Hombres;12 Galicia;Total;2016T3;104,3
Hombres;12 Galicia;Total;2016T2;113,7
Hombres;12 Galicia;Total;2016T1;114,6
Hombres;12 Galicia;Total;2015T4;111,3
Hombres;12 Galicia;Total;2015T3;110,6
Hombres;12 Galicia;Total;2015T2;128,8
Hombres;12 Galicia;Total;2015T1;142,9
Hombres;12 Galicia;Total;2014T4;138
Hombres;12 Galicia;Total;2014T3;134,9
Hombres;12 Galicia;Total;2014T2;147
Hombres;12 Galicia;Total;2014T1;158,6
Hombres;12 Galicia;Total;2013T4;152
Hombres;12 Galicia;Total;2013T3;150,4
Hombres;12 Galicia;Total;2013T2;153,6
Hombres;12 Galicia;Total;2013T1;154
Hombres;12 Galicia;Total;2012T4;148,2
Hombres;12 Galicia;Total;2012T3;142,3
Hombres;12 Galicia;Total;2012T2;152,5
Hombres;12 Galicia;Total;2012T1;139,4
Hombres;12 Galicia;Total;2011T4;123
Hombres;12 Galicia;Total;2011T3;113,9
Hombres;12 Galicia;Total;2011T2;112
Hombres;12 Galicia;Total;2011T1;116,7
Hombres;13 Madrid, Comunidad de;Total;2021T3;198,6
Hombres;13 Madrid, Comunidad de;Total;2021T2;203,9
Hombres;13 Madrid, Comunidad de;Total;2021T1;192,7
Hombres;13 Madrid, Comunidad de;Total;2020T4;227,5
Hombres;13 Madrid, Comunidad de;Total;2020T3;212,5
Hombres;13 Madrid, Comunidad de;Total;2020T2;204,5
Hombres;13 Madrid, Comunidad de;Total;2020T1;173,1
Hombres;13 Madrid, Comunidad de;Total;2019T4;168,6
Hombres;13 Madrid, Comunidad de;Total;2019T3;166,9
Hombres;13 Madrid, Comunidad de;Total;2019T2;173
Hombres;13 Madrid, Comunidad de;Total;2019T1;186,6
Hombres;13 Madrid, Comunidad de;Total;2018T4;195,1
Hombres;13 Madrid, Comunidad de;Total;2018T3;196,6
Hombres;13 Madrid, Comunidad de;Total;2018T2;199
Hombres;13 Madrid, Comunidad de;Total;2018T1;225,1
Hombres;13 Madrid, Comunidad de;Total;2017T4;225,2
Hombres;13 Madrid, Comunidad de;Total;2017T3;204,9
Hombres;13 Madrid, Comunidad de;Total;2017T2;219,5
Hombres;13 Madrid, Comunidad de;Total;2017T1;232,8
Hombres;13 Madrid, Comunidad de;Total;2016T4;243,4
Hombres;13 Madrid, Comunidad de;Total;2016T3;246,2
Hombres;13 Madrid, Comunidad de;Total;2016T2;271,9
Hombres;13 Madrid, Comunidad de;Total;2016T1;275,9
Hombres;13 Madrid, Comunidad de;Total;2015T4;286,2
Hombres;13 Madrid, Comunidad de;Total;2015T3;274,3
Hombres;13 Madrid, Comunidad de;Total;2015T2;299,7
Hombres;13 Madrid, Comunidad de;Total;2015T1;319,6
Hombres;13 Madrid, Comunidad de;Total;2014T4;320,8
Hombres;13 Madrid, Comunidad de;Total;2014T3;282
Hombres;13 Madrid, Comunidad de;Total;2014T2;314,9
Hombres;13 Madrid, Comunidad de;Total;2014T1;324,3
Hombres;13 Madrid, Comunidad de;Total;2013T4;334,7
Hombres;13 Madrid, Comunidad de;Total;2013T3;327,8
Hombres;13 Madrid, Comunidad de;Total;2013T2;329,9
Hombres;13 Madrid, Comunidad de;Total;2013T1;354,5
Hombres;13 Madrid, Comunidad de;Total;2012T4;352,8
Hombres;13 Madrid, Comunidad de;Total;2012T3;331,8
Hombres;13 Madrid, Comunidad de;Total;2012T2;345,2
Hombres;13 Madrid, Comunidad de;Total;2012T1;342,4
Hombres;13 Madrid, Comunidad de;Total;2011T4;336
Hombres;13 Madrid, Comunidad de;Total;2011T3;291,2
Hombres;13 Madrid, Comunidad de;Total;2011T2;298,9
Hombres;13 Madrid, Comunidad de;Total;2011T1;266,7
Hombres;14 Murcia, Región de;Total;2021T3;53,7
Hombres;14 Murcia, Región de;Total;2021T2;47,1
Hombres;14 Murcia, Región de;Total;2021T1;54,5
Hombres;14 Murcia, Región de;Total;2020T4;51,1
Hombres;14 Murcia, Región de;Total;2020T3;61,1
Hombres;14 Murcia, Región de;Total;2020T2;51,2
Hombres;14 Murcia, Región de;Total;2020T1;57,4
Hombres;14 Murcia, Región de;Total;2019T4;52,4
Hombres;14 Murcia, Región de;Total;2019T3;48,9
Hombres;14 Murcia, Región de;Total;2019T2;43,2
Hombres;14 Murcia, Región de;Total;2019T1;46,1
Hombres;14 Murcia, Región de;Total;2018T4;47,9
Hombres;14 Murcia, Región de;Total;2018T3;54
Hombres;14 Murcia, Región de;Total;2018T2;51,9
Hombres;14 Murcia, Región de;Total;2018T1;58,5
Hombres;14 Murcia, Región de;Total;2017T4;59,5
Hombres;14 Murcia, Región de;Total;2017T3;64,1
Hombres;14 Murcia, Región de;Total;2017T2;54,7
Hombres;14 Murcia, Región de;Total;2017T1;62,3
Hombres;14 Murcia, Región de;Total;2016T4;61,3
Hombres;14 Murcia, Región de;Total;2016T3;72,2
Hombres;14 Murcia, Región de;Total;2016T2;66,4
Hombres;14 Murcia, Región de;Total;2016T1;74,7
Hombres;14 Murcia, Región de;Total;2015T4;81,2
Hombres;14 Murcia, Región de;Total;2015T3;84,4
Hombres;14 Murcia, Región de;Total;2015T2;81,4
Hombres;14 Murcia, Región de;Total;2015T1;98
Hombres;14 Murcia, Región de;Total;2014T4;101,5
Hombres;14 Murcia, Región de;Total;2014T3;93,5
Hombres;14 Murcia, Región de;Total;2014T2;91,7
Hombres;14 Murcia, Región de;Total;2014T1;110,5
Hombres;14 Murcia, Región de;Total;2013T4;111,8
Hombres;14 Murcia, Región de;Total;2013T3;117,1
Hombres;14 Murcia, Región de;Total;2013T2;114,9
Hombres;14 Murcia, Región de;Total;2013T1;123,8
Hombres;14 Murcia, Región de;Total;2012T4;117
Hombres;14 Murcia, Región de;Total;2012T3;116,8
Hombres;14 Murcia, Región de;Total;2012T2;107
Hombres;14 Murcia, Región de;Total;2012T1;114
Hombres;14 Murcia, Región de;Total;2011T4;108
Hombres;14 Murcia, Región de;Total;2011T3;99,2
Hombres;14 Murcia, Región de;Total;2011T2;99,7
Hombres;14 Murcia, Región de;Total;2011T1;107,4
Hombres;15 Navarra, Comunidad Foral de;Total;2021T3;20
Hombres;15 Navarra, Comunidad Foral de;Total;2021T2;17,7
Hombres;15 Navarra, Comunidad Foral de;Total;2021T1;19,2
Hombres;15 Navarra, Comunidad Foral de;Total;2020T4;19
Hombres;15 Navarra, Comunidad Foral de;Total;2020T3;17,1
Hombres;15 Navarra, Comunidad Foral de;Total;2020T2;16,7
Hombres;15 Navarra, Comunidad Foral de;Total;2020T1;13,8
Hombres;15 Navarra, Comunidad Foral de;Total;2019T4;13,6
Hombres;15 Navarra, Comunidad Foral de;Total;2019T3;11,2
Hombres;15 Navarra, Comunidad Foral de;Total;2019T2;11,5
Hombres;15 Navarra, Comunidad Foral de;Total;2019T1;13,2
Hombres;15 Navarra, Comunidad Foral de;Total;2018T4;15
Hombres;15 Navarra, Comunidad Foral de;Total;2018T3;13,5
Hombres;15 Navarra, Comunidad Foral de;Total;2018T2;15,2
Hombres;15 Navarra, Comunidad Foral de;Total;2018T1;16,4
Hombres;15 Navarra, Comunidad Foral de;Total;2017T4;13
Hombres;15 Navarra, Comunidad Foral de;Total;2017T3;12,9
Hombres;15 Navarra, Comunidad Foral de;Total;2017T2;12,1
Hombres;15 Navarra, Comunidad Foral de;Total;2017T1;13,7
Hombres;15 Navarra, Comunidad Foral de;Total;2016T4;15,2
Hombres;15 Navarra, Comunidad Foral de;Total;2016T3;18,7
Hombres;15 Navarra, Comunidad Foral de;Total;2016T2;18
Hombres;15 Navarra, Comunidad Foral de;Total;2016T1;19,6
Hombres;15 Navarra, Comunidad Foral de;Total;2015T4;19,6
Hombres;15 Navarra, Comunidad Foral de;Total;2015T3;20,5
Hombres;15 Navarra, Comunidad Foral de;Total;2015T2;19,6
Hombres;15 Navarra, Comunidad Foral de;Total;2015T1;24,1
Hombres;15 Navarra, Comunidad Foral de;Total;2014T4;25,2
Hombres;15 Navarra, Comunidad Foral de;Total;2014T3;26,1
Hombres;15 Navarra, Comunidad Foral de;Total;2014T2;26,3
Hombres;15 Navarra, Comunidad Foral de;Total;2014T1;27,1
Hombres;15 Navarra, Comunidad Foral de;Total;2013T4;26,3
Hombres;15 Navarra, Comunidad Foral de;Total;2013T3;30,1
Hombres;15 Navarra, Comunidad Foral de;Total;2013T2;31,7
Hombres;15 Navarra, Comunidad Foral de;Total;2013T1;30,4
Hombres;15 Navarra, Comunidad Foral de;Total;2012T4;28,9
Hombres;15 Navarra, Comunidad Foral de;Total;2012T3;27,2
Hombres;15 Navarra, Comunidad Foral de;Total;2012T2;31,3
Hombres;15 Navarra, Comunidad Foral de;Total;2012T1;28,9
Hombres;15 Navarra, Comunidad Foral de;Total;2011T4;22,9
Hombres;15 Navarra, Comunidad Foral de;Total;2011T3;20,3
Hombres;15 Navarra, Comunidad Foral de;Total;2011T2;22,4
Hombres;15 Navarra, Comunidad Foral de;Total;2011T1;22,9
Hombres;16 País Vasco;Total;2021T3;50,4
Hombres;16 País Vasco;Total;2021T2;50
Hombres;16 País Vasco;Total;2021T1;55,6
Hombres;16 País Vasco;Total;2020T4;45,2
Hombres;16 País Vasco;Total;2020T3;52,7
Hombres;16 País Vasco;Total;2020T2;40,4
Hombres;16 País Vasco;Total;2020T1;43
Hombres;16 País Vasco;Total;2019T4;45,4
Hombres;16 País Vasco;Total;2019T3;43,9
Hombres;16 País Vasco;Total;2019T2;51,7
Hombres;16 País Vasco;Total;2019T1;48,6
Hombres;16 País Vasco;Total;2018T4;49,3
Hombres;16 País Vasco;Total;2018T3;52,1
Hombres;16 País Vasco;Total;2018T2;58,6
Hombres;16 País Vasco;Total;2018T1;56,6
Hombres;16 País Vasco;Total;2017T4;56,8
Hombres;16 País Vasco;Total;2017T3;58,1
Hombres;16 País Vasco;Total;2017T2;53,8
Hombres;16 País Vasco;Total;2017T1;57,9
Hombres;16 País Vasco;Total;2016T4;65,1
Hombres;16 País Vasco;Total;2016T3;62,2
Hombres;16 País Vasco;Total;2016T2;67,3
Hombres;16 País Vasco;Total;2016T1;68,7
Hombres;16 País Vasco;Total;2015T4;66,7
Hombres;16 País Vasco;Total;2015T3;74,2
Hombres;16 País Vasco;Total;2015T2;89,4
Hombres;16 País Vasco;Total;2015T1;93,2
Hombres;16 País Vasco;Total;2014T4;93,1
Hombres;16 País Vasco;Total;2014T3;81,5
Hombres;16 País Vasco;Total;2014T2;92,6
Hombres;16 País Vasco;Total;2014T1;95,3
Hombres;16 País Vasco;Total;2013T4;92
Hombres;16 País Vasco;Total;2013T3;87,3
Hombres;16 País Vasco;Total;2013T2;94,5
Hombres;16 País Vasco;Total;2013T1;98,7
Hombres;16 País Vasco;Total;2012T4;94,7
Hombres;16 País Vasco;Total;2012T3;93,4
Hombres;16 País Vasco;Total;2012T2;85,4
Hombres;16 País Vasco;Total;2012T1;83,3
Hombres;16 País Vasco;Total;2011T4;72
Hombres;16 País Vasco;Total;2011T3;70,6
Hombres;16 País Vasco;Total;2011T2;64,9
Hombres;16 País Vasco;Total;2011T1;68,4
Hombres;17 Rioja, La;Total;2021T3;8,3
Hombres;17 Rioja, La;Total;2021T2;6
Hombres;17 Rioja, La;Total;2021T1;6,4
Hombres;17 Rioja, La;Total;2020T4;6,6
Hombres;17 Rioja, La;Total;2020T3;7,7
Hombres;17 Rioja, La;Total;2020T2;8,4
Hombres;17 Rioja, La;Total;2020T1;7,8
Hombres;17 Rioja, La;Total;2019T4;8,5
Hombres;17 Rioja, La;Total;2019T3;8,2
Hombres;17 Rioja, La;Total;2019T2;8,3
Hombres;17 Rioja, La;Total;2019T1;8,4
Hombres;17 Rioja, La;Total;2018T4;7,6
Hombres;17 Rioja, La;Total;2018T3;6,9
Hombres;17 Rioja, La;Total;2018T2;7,2
Hombres;17 Rioja, La;Total;2018T1;8
Hombres;17 Rioja, La;Total;2017T4;7,8
Hombres;17 Rioja, La;Total;2017T3;9,1
Hombres;17 Rioja, La;Total;2017T2;6,2
Hombres;17 Rioja, La;Total;2017T1;8,2
Hombres;17 Rioja, La;Total;2016T4;7,5
Hombres;17 Rioja, La;Total;2016T3;10,6
Hombres;17 Rioja, La;Total;2016T2;10,5
Hombres;17 Rioja, La;Total;2016T1;12
Hombres;17 Rioja, La;Total;2015T4;12
Hombres;17 Rioja, La;Total;2015T3;11,4
Hombres;17 Rioja, La;Total;2015T2;11,9
Hombres;17 Rioja, La;Total;2015T1;12,3
Hombres;17 Rioja, La;Total;2014T4;11,4
Hombres;17 Rioja, La;Total;2014T3;14,2
Hombres;17 Rioja, La;Total;2014T2;13,1
Hombres;17 Rioja, La;Total;2014T1;14,3
Hombres;17 Rioja, La;Total;2013T4;15,2
Hombres;17 Rioja, La;Total;2013T3;16,5
Hombres;17 Rioja, La;Total;2013T2;17,7
Hombres;17 Rioja, La;Total;2013T1;15,5
Hombres;17 Rioja, La;Total;2012T4;16
Hombres;17 Rioja, La;Total;2012T3;16,5
Hombres;17 Rioja, La;Total;2012T2;19
Hombres;17 Rioja, La;Total;2012T1;15,8
Hombres;17 Rioja, La;Total;2011T4;15,6
Hombres;17 Rioja, La;Total;2011T3;15,4
Hombres;17 Rioja, La;Total;2011T2;15,1
Hombres;17 Rioja, La;Total;2011T1;13,9
Hombres;18 Ceuta;Total;2021T3;4,2
Hombres;18 Ceuta;Total;2021T2;3,7
Hombres;18 Ceuta;Total;2021T1;4,9
Hombres;18 Ceuta;Total;2020T4;4,9
Hombres;18 Ceuta;Total;2020T3;4,9
Hombres;18 Ceuta;Total;2020T2;3,9
Hombres;18 Ceuta;Total;2020T1;4,9
Hombres;18 Ceuta;Total;2019T4;5,8
Hombres;18 Ceuta;Total;2019T3;5,8
Hombres;18 Ceuta;Total;2019T2;5,1
Hombres;18 Ceuta;Total;2019T1;3,7
Hombres;18 Ceuta;Total;2018T4;3,9
Hombres;18 Ceuta;Total;2018T3;4,8
Hombres;18 Ceuta;Total;2018T2;5,4
Hombres;18 Ceuta;Total;2018T1;5,2
Hombres;18 Ceuta;Total;2017T4;4,2
Hombres;18 Ceuta;Total;2017T3;2,9
Hombres;18 Ceuta;Total;2017T2;2,6
Hombres;18 Ceuta;Total;2017T1;4,5
Hombres;18 Ceuta;Total;2016T4;4
Hombres;18 Ceuta;Total;2016T3;3,9
Hombres;18 Ceuta;Total;2016T2;5,3
Hombres;18 Ceuta;Total;2016T1;4,6
Hombres;18 Ceuta;Total;2015T4;3,9
Hombres;18 Ceuta;Total;2015T3;5,3
Hombres;18 Ceuta;Total;2015T2;4,2
Hombres;18 Ceuta;Total;2015T1;5,6
Hombres;18 Ceuta;Total;2014T4;6,8
Hombres;18 Ceuta;Total;2014T3;7,1
Hombres;18 Ceuta;Total;2014T2;6,1
Hombres;18 Ceuta;Total;2014T1;6,8
Hombres;18 Ceuta;Total;2013T4;7,2
Hombres;18 Ceuta;Total;2013T3;5,4
Hombres;18 Ceuta;Total;2013T2;6,9
Hombres;18 Ceuta;Total;2013T1;7,6
Hombres;18 Ceuta;Total;2012T4;6,5
Hombres;18 Ceuta;Total;2012T3;5,8
Hombres;18 Ceuta;Total;2012T2;7,6
Hombres;18 Ceuta;Total;2012T1;6,8
Hombres;18 Ceuta;Total;2011T4;4,9
Hombres;18 Ceuta;Total;2011T3;5,4
Hombres;18 Ceuta;Total;2011T2;4,9
Hombres;18 Ceuta;Total;2011T1;5,1
Hombres;19 Melilla;Total;2021T3;3,5
Hombres;19 Melilla;Total;2021T2;4,3
Hombres;19 Melilla;Total;2021T1;3,9
Hombres;19 Melilla;Total;2020T4;4,6
Hombres;19 Melilla;Total;2020T3;4,7
Hombres;19 Melilla;Total;2020T2;4,3
Hombres;19 Melilla;Total;2020T1;4,2
Hombres;19 Melilla;Total;2019T4;4,2
Hombres;19 Melilla;Total;2019T3;4,5
Hombres;19 Melilla;Total;2019T2;5
Hombres;19 Melilla;Total;2019T1;5,3
Hombres;19 Melilla;Total;2018T4;4,7
Hombres;19 Melilla;Total;2018T3;4,2
Hombres;19 Melilla;Total;2018T2;5,5
Hombres;19 Melilla;Total;2018T1;5,3
Hombres;19 Melilla;Total;2017T4;4,6
Hombres;19 Melilla;Total;2017T3;4,2
Hombres;19 Melilla;Total;2017T2;5,1
Hombres;19 Melilla;Total;2017T1;4,3
Hombres;19 Melilla;Total;2016T4;4,8
Hombres;19 Melilla;Total;2016T3;5,3
Hombres;19 Melilla;Total;2016T2;6,6
Hombres;19 Melilla;Total;2016T1;6
Hombres;19 Melilla;Total;2015T4;6,1
Hombres;19 Melilla;Total;2015T3;5,9
Hombres;19 Melilla;Total;2015T2;6,9
Hombres;19 Melilla;Total;2015T1;5,9
Hombres;19 Melilla;Total;2014T4;4,2
Hombres;19 Melilla;Total;2014T3;4,1
Hombres;19 Melilla;Total;2014T2;4,9
Hombres;19 Melilla;Total;2014T1;4,5
Hombres;19 Melilla;Total;2013T4;7,5
Hombres;19 Melilla;Total;2013T3;8,9
Hombres;19 Melilla;Total;2013T2;5,8
Hombres;19 Melilla;Total;2013T1;6
Hombres;19 Melilla;Total;2012T4;4,9
Hombres;19 Melilla;Total;2012T3;5,3
Hombres;19 Melilla;Total;2012T2;5,5
Hombres;19 Melilla;Total;2012T1;3,4
Hombres;19 Melilla;Total;2011T4;3,3
Hombres;19 Melilla;Total;2011T3;4,1
Hombres;19 Melilla;Total;2011T2;4
Hombres;19 Melilla;Total;2011T1;3,9
Mujeres;01 Andalucía;Total;2021T3;481,3
Mujeres;01 Andalucía;Total;2021T2;466,9
Mujeres;01 Andalucía;Total;2021T1;476,3
Mujeres;01 Andalucía;Total;2020T4;492,7
Mujeres;01 Andalucía;Total;2020T3;500,9
Mujeres;01 Andalucía;Total;2020T2;408,8
Mujeres;01 Andalucía;Total;2020T1;449,2
Mujeres;01 Andalucía;Total;2019T4;437,9
Mujeres;01 Andalucía;Total;2019T3;467
Mujeres;01 Andalucía;Total;2019T2;452,4
Mujeres;01 Andalucía;Total;2019T1;454,1
Mujeres;01 Andalucía;Total;2018T4;445,4
Mujeres;01 Andalucía;Total;2018T3;477,6
Mujeres;01 Andalucía;Total;2018T2;474,5
Mujeres;01 Andalucía;Total;2018T1;509,8
Mujeres;01 Andalucía;Total;2017T4;492,9
Mujeres;01 Andalucía;Total;2017T3;513,1
Mujeres;01 Andalucía;Total;2017T2;493,3
Mujeres;01 Andalucía;Total;2017T1;542,8
Mujeres;01 Andalucía;Total;2016T4;559,2
Mujeres;01 Andalucía;Total;2016T3;576,9
Mujeres;01 Andalucía;Total;2016T2;579,8
Mujeres;01 Andalucía;Total;2016T1;601,8
Mujeres;01 Andalucía;Total;2015T4;600,3
Mujeres;01 Andalucía;Total;2015T3;629,7
Mujeres;01 Andalucía;Total;2015T2;625,4
Mujeres;01 Andalucía;Total;2015T1;676,4
Mujeres;01 Andalucía;Total;2014T4;689,7
Mujeres;01 Andalucía;Total;2014T3;689,3
Mujeres;01 Andalucía;Total;2014T2;672,6
Mujeres;01 Andalucía;Total;2014T1;668,8
Mujeres;01 Andalucía;Total;2013T4;710,3
Mujeres;01 Andalucía;Total;2013T3;682,6
Mujeres;01 Andalucía;Total;2013T2;682,4
Mujeres;01 Andalucía;Total;2013T1;695,3
Mujeres;01 Andalucía;Total;2012T4;689
Mujeres;01 Andalucía;Total;2012T3;654,4
Mujeres;01 Andalucía;Total;2012T2;615,6
Mujeres;01 Andalucía;Total;2012T1;623,4
Mujeres;01 Andalucía;Total;2011T4;576,6
Mujeres;01 Andalucía;Total;2011T3;572,6
Mujeres;01 Andalucía;Total;2011T2;544,8
Mujeres;01 Andalucía;Total;2011T1;553,7
Mujeres;02 Aragón;Total;2021T3;29,7
Mujeres;02 Aragón;Total;2021T2;42
Mujeres;02 Aragón;Total;2021T1;43,6
Mujeres;02 Aragón;Total;2020T4;46,4
Mujeres;02 Aragón;Total;2020T3;40,7
Mujeres;02 Aragón;Total;2020T2;39,9
Mujeres;02 Aragón;Total;2020T1;35,6
Mujeres;02 Aragón;Total;2019T4;34,4
Mujeres;02 Aragón;Total;2019T3;32,8
Mujeres;02 Aragón;Total;2019T2;34,7
Mujeres;02 Aragón;Total;2019T1;35,4
Mujeres;02 Aragón;Total;2018T4;37,5
Mujeres;02 Aragón;Total;2018T3;36,3
Mujeres;02 Aragón;Total;2018T2;33
Mujeres;02 Aragón;Total;2018T1;36,8
Mujeres;02 Aragón;Total;2017T4;42,3
Mujeres;02 Aragón;Total;2017T3;38,5
Mujeres;02 Aragón;Total;2017T2;44,5
Mujeres;02 Aragón;Total;2017T1;47,9
Mujeres;02 Aragón;Total;2016T4;47,5
Mujeres;02 Aragón;Total;2016T3;53,3
Mujeres;02 Aragón;Total;2016T2;55,6
Mujeres;02 Aragón;Total;2016T1;56,6
Mujeres;02 Aragón;Total;2015T4;52,5
Mujeres;02 Aragón;Total;2015T3;53,3
Mujeres;02 Aragón;Total;2015T2;62,7
Mujeres;02 Aragón;Total;2015T1;65,1
Mujeres;02 Aragón;Total;2014T4;65,8
Mujeres;02 Aragón;Total;2014T3;62,6
Mujeres;02 Aragón;Total;2014T2;65,8
Mujeres;02 Aragón;Total;2014T1;71,9
Mujeres;02 Aragón;Total;2013T4;62,9
Mujeres;02 Aragón;Total;2013T3;64,1
Mujeres;02 Aragón;Total;2013T2;74,1
Mujeres;02 Aragón;Total;2013T1;68,6
Mujeres;02 Aragón;Total;2012T4;64,1
Mujeres;02 Aragón;Total;2012T3;60
Mujeres;02 Aragón;Total;2012T2;58,4
Mujeres;02 Aragón;Total;2012T1;56,5
Mujeres;02 Aragón;Total;2011T4;49
Mujeres;02 Aragón;Total;2011T3;48,5
Mujeres;02 Aragón;Total;2011T2;52,9
Mujeres;02 Aragón;Total;2011T1;52,9
Mujeres;03 Asturias, Principado de;Total;2021T3;28,7
Mujeres;03 Asturias, Principado de;Total;2021T2;33,7
Mujeres;03 Asturias, Principado de;Total;2021T1;34,4
Mujeres;03 Asturias, Principado de;Total;2020T4;30,5
Mujeres;03 Asturias, Principado de;Total;2020T3;32,5
Mujeres;03 Asturias, Principado de;Total;2020T2;28
Mujeres;03 Asturias, Principado de;Total;2020T1;33,2
Mujeres;03 Asturias, Principado de;Total;2019T4;29,8
Mujeres;03 Asturias, Principado de;Total;2019T3;32,1
Mujeres;03 Asturias, Principado de;Total;2019T2;35,2
Mujeres;03 Asturias, Principado de;Total;2019T1;35,6
Mujeres;03 Asturias, Principado de;Total;2018T4;31,2
Mujeres;03 Asturias, Principado de;Total;2018T3;30,4
Mujeres;03 Asturias, Principado de;Total;2018T2;34,2
Mujeres;03 Asturias, Principado de;Total;2018T1;35,7
Mujeres;03 Asturias, Principado de;Total;2017T4;33,9
Mujeres;03 Asturias, Principado de;Total;2017T3;26
Mujeres;03 Asturias, Principado de;Total;2017T2;30,7
Mujeres;03 Asturias, Principado de;Total;2017T1;32,4
Mujeres;03 Asturias, Principado de;Total;2016T4;31,5
Mujeres;03 Asturias, Principado de;Total;2016T3;34,2
Mujeres;03 Asturias, Principado de;Total;2016T2;39
Mujeres;03 Asturias, Principado de;Total;2016T1;42,8
Mujeres;03 Asturias, Principado de;Total;2015T4;45,1
Mujeres;03 Asturias, Principado de;Total;2015T3;37
Mujeres;03 Asturias, Principado de;Total;2015T2;41,7
Mujeres;03 Asturias, Principado de;Total;2015T1;43,1
Mujeres;03 Asturias, Principado de;Total;2014T4;48
Mujeres;03 Asturias, Principado de;Total;2014T3;49,8
Mujeres;03 Asturias, Principado de;Total;2014T2;49,9
Mujeres;03 Asturias, Principado de;Total;2014T1;55,1
Mujeres;03 Asturias, Principado de;Total;2013T4;53,2
Mujeres;03 Asturias, Principado de;Total;2013T3;57,2
Mujeres;03 Asturias, Principado de;Total;2013T2;53,5
Mujeres;03 Asturias, Principado de;Total;2013T1;59,5
Mujeres;03 Asturias, Principado de;Total;2012T4;55
Mujeres;03 Asturias, Principado de;Total;2012T3;49,8
Mujeres;03 Asturias, Principado de;Total;2012T2;47,5
Mujeres;03 Asturias, Principado de;Total;2012T1;45,7
Mujeres;03 Asturias, Principado de;Total;2011T4;39,6
Mujeres;03 Asturias, Principado de;Total;2011T3;37,3
Mujeres;03 Asturias, Principado de;Total;2011T2;37,9
Mujeres;03 Asturias, Principado de;Total;2011T1;42,4
Mujeres;04 Balears, Illes;Total;2021T3;36,4
Mujeres;04 Balears, Illes;Total;2021T2;51,5
Mujeres;04 Balears, Illes;Total;2021T1;61,8
Mujeres;04 Balears, Illes;Total;2020T4;53,9
Mujeres;04 Balears, Illes;Total;2020T3;39,5
Mujeres;04 Balears, Illes;Total;2020T2;47,9
Mujeres;04 Balears, Illes;Total;2020T1;63,7
Mujeres;04 Balears, Illes;Total;2019T4;30,5
Mujeres;04 Balears, Illes;Total;2019T3;26,7
Mujeres;04 Balears, Illes;Total;2019T2;47,6
Mujeres;04 Balears, Illes;Total;2019T1;56,4
Mujeres;04 Balears, Illes;Total;2018T4;29,5
Mujeres;04 Balears, Illes;Total;2018T3;21,4
Mujeres;04 Balears, Illes;Total;2018T2;34,1
Mujeres;04 Balears, Illes;Total;2018T1;42,8
Mujeres;04 Balears, Illes;Total;2017T4;30,5
Mujeres;04 Balears, Illes;Total;2017T3;27,5
Mujeres;04 Balears, Illes;Total;2017T2;34,9
Mujeres;04 Balears, Illes;Total;2017T1;47,5
Mujeres;04 Balears, Illes;Total;2016T4;40,7
Mujeres;04 Balears, Illes;Total;2016T3;32,7
Mujeres;04 Balears, Illes;Total;2016T2;41,6
Mujeres;04 Balears, Illes;Total;2016T1;50,3
Mujeres;04 Balears, Illes;Total;2015T4;47,2
Mujeres;04 Balears, Illes;Total;2015T3;36,1
Mujeres;04 Balears, Illes;Total;2015T2;52,6
Mujeres;04 Balears, Illes;Total;2015T1;62,2
Mujeres;04 Balears, Illes;Total;2014T4;47,6
Mujeres;04 Balears, Illes;Total;2014T3;41,1
Mujeres;04 Balears, Illes;Total;2014T2;49,3
Mujeres;04 Balears, Illes;Total;2014T1;65,5
Mujeres;04 Balears, Illes;Total;2013T4;54,6
Mujeres;04 Balears, Illes;Total;2013T3;47,2
Mujeres;04 Balears, Illes;Total;2013T2;63,6
Mujeres;04 Balears, Illes;Total;2013T1;79,4
Mujeres;04 Balears, Illes;Total;2012T4;66,8
Mujeres;04 Balears, Illes;Total;2012T3;59,3
Mujeres;04 Balears, Illes;Total;2012T2;67,2
Mujeres;04 Balears, Illes;Total;2012T1;78,8
Mujeres;04 Balears, Illes;Total;2011T4;66,3
Mujeres;04 Balears, Illes;Total;2011T3;44,5
Mujeres;04 Balears, Illes;Total;2011T2;50,5
Mujeres;04 Balears, Illes;Total;2011T1;69,3
Mujeres;05 Canarias;Total;2021T3;141,4
Mujeres;05 Canarias;Total;2021T2;134,9
Mujeres;05 Canarias;Total;2021T1;134,2
Mujeres;05 Canarias;Total;2020T4;143,8
Mujeres;05 Canarias;Total;2020T3;143,7
Mujeres;05 Canarias;Total;2020T2;100,8
Mujeres;05 Canarias;Total;2020T1;108,1
Mujeres;05 Canarias;Total;2019T4;109,6
Mujeres;05 Canarias;Total;2019T3;126,3
Mujeres;05 Canarias;Total;2019T2;113,9
Mujeres;05 Canarias;Total;2019T1;114,4
Mujeres;05 Canarias;Total;2018T4;111,6
Mujeres;05 Canarias;Total;2018T3;106,5
Mujeres;05 Canarias;Total;2018T2;115,5
Mujeres;05 Canarias;Total;2018T1;114,5
Mujeres;05 Canarias;Total;2017T4;127,6
Mujeres;05 Canarias;Total;2017T3;132,7
Mujeres;05 Canarias;Total;2017T2;137,5
Mujeres;05 Canarias;Total;2017T1;139,3
Mujeres;05 Canarias;Total;2016T4;136,9
Mujeres;05 Canarias;Total;2016T3;143,5
Mujeres;05 Canarias;Total;2016T2;150,9
Mujeres;05 Canarias;Total;2016T1;141,2
Mujeres;05 Canarias;Total;2015T4;140
Mujeres;05 Canarias;Total;2015T3;160,2
Mujeres;05 Canarias;Total;2015T2;159,5
Mujeres;05 Canarias;Total;2015T1;162
Mujeres;05 Canarias;Total;2014T4;163,9
Mujeres;05 Canarias;Total;2014T3;172,5
Mujeres;05 Canarias;Total;2014T2;169,9
Mujeres;05 Canarias;Total;2014T1;162,3
Mujeres;05 Canarias;Total;2013T4;161,6
Mujeres;05 Canarias;Total;2013T3;170,9
Mujeres;05 Canarias;Total;2013T2;168
Mujeres;05 Canarias;Total;2013T1;168,7
Mujeres;05 Canarias;Total;2012T4;163
Mujeres;05 Canarias;Total;2012T3;171,9
Mujeres;05 Canarias;Total;2012T2;167
Mujeres;05 Canarias;Total;2012T1;170,9
Mujeres;05 Canarias;Total;2011T4;151,3
Mujeres;05 Canarias;Total;2011T3;144,5
Mujeres;05 Canarias;Total;2011T2;144,7
Mujeres;05 Canarias;Total;2011T1;133,3
Mujeres;06 Cantabria;Total;2021T3;14,6
Mujeres;06 Cantabria;Total;2021T2;20,2
Mujeres;06 Cantabria;Total;2021T1;16,5
Mujeres;06 Cantabria;Total;2020T4;16,1
Mujeres;06 Cantabria;Total;2020T3;16,1
Mujeres;06 Cantabria;Total;2020T2;16,1
Mujeres;06 Cantabria;Total;2020T1;14,8
Mujeres;06 Cantabria;Total;2019T4;15,8
Mujeres;06 Cantabria;Total;2019T3;11,9
Mujeres;06 Cantabria;Total;2019T2;11,3
Mujeres;06 Cantabria;Total;2019T1;16,5
Mujeres;06 Cantabria;Total;2018T4;13,7
Mujeres;06 Cantabria;Total;2018T3;12,8
Mujeres;06 Cantabria;Total;2018T2;17,2
Mujeres;06 Cantabria;Total;2018T1;18,2
Mujeres;06 Cantabria;Total;2017T4;18,1
Mujeres;06 Cantabria;Total;2017T3;16,5
Mujeres;06 Cantabria;Total;2017T2;18,6
Mujeres;06 Cantabria;Total;2017T1;18,8
Mujeres;06 Cantabria;Total;2016T4;17,1
Mujeres;06 Cantabria;Total;2016T3;16,9
Mujeres;06 Cantabria;Total;2016T2;21,4
Mujeres;06 Cantabria;Total;2016T1;24,3
Mujeres;06 Cantabria;Total;2015T4;23,3
Mujeres;06 Cantabria;Total;2015T3;20,8
Mujeres;06 Cantabria;Total;2015T2;26,2
Mujeres;06 Cantabria;Total;2015T1;26,9
Mujeres;06 Cantabria;Total;2014T4;22,1
Mujeres;06 Cantabria;Total;2014T3;23,8
Mujeres;06 Cantabria;Total;2014T2;23,6
Mujeres;06 Cantabria;Total;2014T1;26,2
Mujeres;06 Cantabria;Total;2013T4;27,5
Mujeres;06 Cantabria;Total;2013T3;23,4
Mujeres;06 Cantabria;Total;2013T2;29,2
Mujeres;06 Cantabria;Total;2013T1;26,3
Mujeres;06 Cantabria;Total;2012T4;24,8
Mujeres;06 Cantabria;Total;2012T3;18,6
Mujeres;06 Cantabria;Total;2012T2;20,8
Mujeres;06 Cantabria;Total;2012T1;25,9
Mujeres;06 Cantabria;Total;2011T4;20,1
Mujeres;06 Cantabria;Total;2011T3;17
Mujeres;06 Cantabria;Total;2011T2;16,5
Mujeres;06 Cantabria;Total;2011T1;18,7
Mujeres;07 Castilla y León;Total;2021T3;65,3
Mujeres;07 Castilla y León;Total;2021T2;77,1
Mujeres;07 Castilla y León;Total;2021T1;74
Mujeres;07 Castilla y León;Total;2020T4;73
Mujeres;07 Castilla y León;Total;2020T3;73,6
Mujeres;07 Castilla y León;Total;2020T2;63,1
Mujeres;07 Castilla y León;Total;2020T1;67,2
Mujeres;07 Castilla y León;Total;2019T4;67,2
Mujeres;07 Castilla y León;Total;2019T3;66,9
Mujeres;07 Castilla y León;Total;2019T2;70,6
Mujeres;07 Castilla y León;Total;2019T1;72,1
Mujeres;07 Castilla y León;Total;2018T4;65,5
Mujeres;07 Castilla y León;Total;2018T3;64,9
Mujeres;07 Castilla y León;Total;2018T2;73,4
Mujeres;07 Castilla y León;Total;2018T1;84,2
Mujeres;07 Castilla y León;Total;2017T4;84,6
Mujeres;07 Castilla y León;Total;2017T3;83,5
Mujeres;07 Castilla y León;Total;2017T2;86,1
Mujeres;07 Castilla y León;Total;2017T1;86,5
Mujeres;07 Castilla y León;Total;2016T4;86,2
Mujeres;07 Castilla y León;Total;2016T3;85,7
Mujeres;07 Castilla y León;Total;2016T2;93,8
Mujeres;07 Castilla y León;Total;2016T1;104,5
Mujeres;07 Castilla y León;Total;2015T4;107,7
Mujeres;07 Castilla y León;Total;2015T3;98,4
Mujeres;07 Castilla y León;Total;2015T2;111,3
Mujeres;07 Castilla y León;Total;2015T1;118,1
Mujeres;07 Castilla y León;Total;2014T4;118,4
Mujeres;07 Castilla y León;Total;2014T3;113,7
Mujeres;07 Castilla y León;Total;2014T2;117,4
Mujeres;07 Castilla y León;Total;2014T1;124,1
Mujeres;07 Castilla y León;Total;2013T4;123,2
Mujeres;07 Castilla y León;Total;2013T3;123,3
Mujeres;07 Castilla y León;Total;2013T2;124,6
Mujeres;07 Castilla y León;Total;2013T1;127,1
Mujeres;07 Castilla y León;Total;2012T4;117,7
Mujeres;07 Castilla y León;Total;2012T3;115,8
Mujeres;07 Castilla y León;Total;2012T2;116,4
Mujeres;07 Castilla y León;Total;2012T1;111,2
Mujeres;07 Castilla y León;Total;2011T4;99
Mujeres;07 Castilla y León;Total;2011T3;92,3
Mujeres;07 Castilla y León;Total;2011T2;93,7
Mujeres;07 Castilla y León;Total;2011T1;100,5
Mujeres;08 Castilla - La Mancha;Total;2021T3;89,2
Mujeres;08 Castilla - La Mancha;Total;2021T2;96,2
Mujeres;08 Castilla - La Mancha;Total;2021T1;103,2
Mujeres;08 Castilla - La Mancha;Total;2020T4;104,7
Mujeres;08 Castilla - La Mancha;Total;2020T3;98,7
Mujeres;08 Castilla - La Mancha;Total;2020T2;81,4
Mujeres;08 Castilla - La Mancha;Total;2020T1;102,6
Mujeres;08 Castilla - La Mancha;Total;2019T4;95,8
Mujeres;08 Castilla - La Mancha;Total;2019T3;90,9
Mujeres;08 Castilla - La Mancha;Total;2019T2;90,8
Mujeres;08 Castilla - La Mancha;Total;2019T1;90,9
Mujeres;08 Castilla - La Mancha;Total;2018T4;94,2
Mujeres;08 Castilla - La Mancha;Total;2018T3;91,8
Mujeres;08 Castilla - La Mancha;Total;2018T2;110,3
Mujeres;08 Castilla - La Mancha;Total;2018T1;117,2
Mujeres;08 Castilla - La Mancha;Total;2017T4;109,8
Mujeres;08 Castilla - La Mancha;Total;2017T3;100,3
Mujeres;08 Castilla - La Mancha;Total;2017T2;116,1
Mujeres;08 Castilla - La Mancha;Total;2017T1;120,1
Mujeres;08 Castilla - La Mancha;Total;2016T4;114,6
Mujeres;08 Castilla - La Mancha;Total;2016T3;112,9
Mujeres;08 Castilla - La Mancha;Total;2016T2;125,1
Mujeres;08 Castilla - La Mancha;Total;2016T1;129,5
Mujeres;08 Castilla - La Mancha;Total;2015T4;129,4
Mujeres;08 Castilla - La Mancha;Total;2015T3;129,1
Mujeres;08 Castilla - La Mancha;Total;2015T2;140,7
Mujeres;08 Castilla - La Mancha;Total;2015T1;140,1
Mujeres;08 Castilla - La Mancha;Total;2014T4;143
Mujeres;08 Castilla - La Mancha;Total;2014T3;138,7
Mujeres;08 Castilla - La Mancha;Total;2014T2;141,5
Mujeres;08 Castilla - La Mancha;Total;2014T1;146,9
Mujeres;08 Castilla - La Mancha;Total;2013T4;139,8
Mujeres;08 Castilla - La Mancha;Total;2013T3;141,9
Mujeres;08 Castilla - La Mancha;Total;2013T2;145,8
Mujeres;08 Castilla - La Mancha;Total;2013T1;153,6
Mujeres;08 Castilla - La Mancha;Total;2012T4;152,6
Mujeres;08 Castilla - La Mancha;Total;2012T3;134,7
Mujeres;08 Castilla - La Mancha;Total;2012T2;141,9
Mujeres;08 Castilla - La Mancha;Total;2012T1;134
Mujeres;08 Castilla - La Mancha;Total;2011T4;119
Mujeres;08 Castilla - La Mancha;Total;2011T3;107,9
Mujeres;08 Castilla - La Mancha;Total;2011T2;115,7
Mujeres;08 Castilla - La Mancha;Total;2011T1;107,5
Mujeres;09 Cataluña;Total;2021T3;221,6
Mujeres;09 Cataluña;Total;2021T2;255,4
Mujeres;09 Cataluña;Total;2021T1;268,4
Mujeres;09 Cataluña;Total;2020T4;278,1
Mujeres;09 Cataluña;Total;2020T3;260,7
Mujeres;09 Cataluña;Total;2020T2;226,2
Mujeres;09 Cataluña;Total;2020T1;210,9
Mujeres;09 Cataluña;Total;2019T4;202,9
Mujeres;09 Cataluña;Total;2019T3;212,6
Mujeres;09 Cataluña;Total;2019T2;209,9
Mujeres;09 Cataluña;Total;2019T1;223,1
Mujeres;09 Cataluña;Total;2018T4;231,3
Mujeres;09 Cataluña;Total;2018T3;192,5
Mujeres;09 Cataluña;Total;2018T2;214,2
Mujeres;09 Cataluña;Total;2018T1;231,6
Mujeres;09 Cataluña;Total;2017T4;242,8
Mujeres;09 Cataluña;Total;2017T3;241,5
Mujeres;09 Cataluña;Total;2017T2;254,4
Mujeres;09 Cataluña;Total;2017T1;296,2
Mujeres;09 Cataluña;Total;2016T4;283,5
Mujeres;09 Cataluña;Total;2016T3;277
Mujeres;09 Cataluña;Total;2016T2;319,4
Mujeres;09 Cataluña;Total;2016T1;336,3
Mujeres;09 Cataluña;Total;2015T4;339,2
Mujeres;09 Cataluña;Total;2015T3;325,7
Mujeres;09 Cataluña;Total;2015T2;360,6
Mujeres;09 Cataluña;Total;2015T1;359,5
Mujeres;09 Cataluña;Total;2014T4;350,2
Mujeres;09 Cataluña;Total;2014T3;344,4
Mujeres;09 Cataluña;Total;2014T2;362,5
Mujeres;09 Cataluña;Total;2014T1;377,5
Mujeres;09 Cataluña;Total;2013T4;386
Mujeres;09 Cataluña;Total;2013T3;395,3
Mujeres;09 Cataluña;Total;2013T2;414,2
Mujeres;09 Cataluña;Total;2013T1;422,1
Mujeres;09 Cataluña;Total;2012T4;412,7
Mujeres;09 Cataluña;Total;2012T3;394
Mujeres;09 Cataluña;Total;2012T2;372,5
Mujeres;09 Cataluña;Total;2012T1;393,7
Mujeres;09 Cataluña;Total;2011T4;362,7
Mujeres;09 Cataluña;Total;2011T3;333,3
Mujeres;09 Cataluña;Total;2011T2;316,2
Mujeres;09 Cataluña;Total;2011T1;325,8
Mujeres;10 Comunitat Valenciana;Total;2021T3;214,7
Mujeres;10 Comunitat Valenciana;Total;2021T2;223,4
Mujeres;10 Comunitat Valenciana;Total;2021T1;200,7
Mujeres;10 Comunitat Valenciana;Total;2020T4;208,2
Mujeres;10 Comunitat Valenciana;Total;2020T3;226,2
Mujeres;10 Comunitat Valenciana;Total;2020T2;203
Mujeres;10 Comunitat Valenciana;Total;2020T1;177,4
Mujeres;10 Comunitat Valenciana;Total;2019T4;189,5
Mujeres;10 Comunitat Valenciana;Total;2019T3;188
Mujeres;10 Comunitat Valenciana;Total;2019T2;188,4
Mujeres;10 Comunitat Valenciana;Total;2019T1;184,1
Mujeres;10 Comunitat Valenciana;Total;2018T4;180,2
Mujeres;10 Comunitat Valenciana;Total;2018T3;194
Mujeres;10 Comunitat Valenciana;Total;2018T2;194
Mujeres;10 Comunitat Valenciana;Total;2018T1;206,4
Mujeres;10 Comunitat Valenciana;Total;2017T4;216,1
Mujeres;10 Comunitat Valenciana;Total;2017T3;210,3
Mujeres;10 Comunitat Valenciana;Total;2017T2;240
Mujeres;10 Comunitat Valenciana;Total;2017T1;235,2
Mujeres;10 Comunitat Valenciana;Total;2016T4;240,6
Mujeres;10 Comunitat Valenciana;Total;2016T3;249,5
Mujeres;10 Comunitat Valenciana;Total;2016T2;270,6
Mujeres;10 Comunitat Valenciana;Total;2016T1;258,4
Mujeres;10 Comunitat Valenciana;Total;2015T4;254,9
Mujeres;10 Comunitat Valenciana;Total;2015T3;262
Mujeres;10 Comunitat Valenciana;Total;2015T2;266,5
Mujeres;10 Comunitat Valenciana;Total;2015T1;277,2
Mujeres;10 Comunitat Valenciana;Total;2014T4;269,7
Mujeres;10 Comunitat Valenciana;Total;2014T3;286,5
Mujeres;10 Comunitat Valenciana;Total;2014T2;300
Mujeres;10 Comunitat Valenciana;Total;2014T1;326,5
Mujeres;10 Comunitat Valenciana;Total;2013T4;317,6
Mujeres;10 Comunitat Valenciana;Total;2013T3;313,8
Mujeres;10 Comunitat Valenciana;Total;2013T2;337,6
Mujeres;10 Comunitat Valenciana;Total;2013T1;337,1
Mujeres;10 Comunitat Valenciana;Total;2012T4;310,6
Mujeres;10 Comunitat Valenciana;Total;2012T3;309,2
Mujeres;10 Comunitat Valenciana;Total;2012T2;288,2
Mujeres;10 Comunitat Valenciana;Total;2012T1;289,9
Mujeres;10 Comunitat Valenciana;Total;2011T4;276,4
Mujeres;10 Comunitat Valenciana;Total;2011T3;278,9
Mujeres;10 Comunitat Valenciana;Total;2011T2;264
Mujeres;10 Comunitat Valenciana;Total;2011T1;267,1
Mujeres;11 Extremadura;Total;2021T3;53,1
Mujeres;11 Extremadura;Total;2021T2;58,4
Mujeres;11 Extremadura;Total;2021T1;59,6
Mujeres;11 Extremadura;Total;2020T4;59,3
Mujeres;11 Extremadura;Total;2020T3;55,8
Mujeres;11 Extremadura;Total;2020T2;55,2
Mujeres;11 Extremadura;Total;2020T1;62,9
Mujeres;11 Extremadura;Total;2019T4;64
Mujeres;11 Extremadura;Total;2019T3;56
Mujeres;11 Extremadura;Total;2019T2;59,1
Mujeres;11 Extremadura;Total;2019T1;66,5
Mujeres;11 Extremadura;Total;2018T4;63,4
Mujeres;11 Extremadura;Total;2018T3;58
Mujeres;11 Extremadura;Total;2018T2;63,9
Mujeres;11 Extremadura;Total;2018T1;68,7
Mujeres;11 Extremadura;Total;2017T4;65,1
Mujeres;11 Extremadura;Total;2017T3;60,3
Mujeres;11 Extremadura;Total;2017T2;68,1
Mujeres;11 Extremadura;Total;2017T1;74,2
Mujeres;11 Extremadura;Total;2016T4;73,3
Mujeres;11 Extremadura;Total;2016T3;66
Mujeres;11 Extremadura;Total;2016T2;69,7
Mujeres;11 Extremadura;Total;2016T1;74,8
Mujeres;11 Extremadura;Total;2015T4;73,8
Mujeres;11 Extremadura;Total;2015T3;68,1
Mujeres;11 Extremadura;Total;2015T2;74
Mujeres;11 Extremadura;Total;2015T1;77,5
Mujeres;11 Extremadura;Total;2014T4;73,8
Mujeres;11 Extremadura;Total;2014T3;71,5
Mujeres;11 Extremadura;Total;2014T2;70,6
Mujeres;11 Extremadura;Total;2014T1;75,8
Mujeres;11 Extremadura;Total;2013T4;81,2
Mujeres;11 Extremadura;Total;2013T3;80,9
Mujeres;11 Extremadura;Total;2013T2;82,6
Mujeres;11 Extremadura;Total;2013T1;82,7
Mujeres;11 Extremadura;Total;2012T4;83,5
Mujeres;11 Extremadura;Total;2012T3;79,6
Mujeres;11 Extremadura;Total;2012T2;77,8
Mujeres;11 Extremadura;Total;2012T1;72,8
Mujeres;11 Extremadura;Total;2011T4;67,4
Mujeres;11 Extremadura;Total;2011T3;53,2
Mujeres;11 Extremadura;Total;2011T2;54,8
Mujeres;11 Extremadura;Total;2011T1;59,5
Mujeres;12 Galicia;Total;2021T3;65,3
Mujeres;12 Galicia;Total;2021T2;80,6
Mujeres;12 Galicia;Total;2021T1;83,6
Mujeres;12 Galicia;Total;2020T4;77,3
Mujeres;12 Galicia;Total;2020T3;75,9
Mujeres;12 Galicia;Total;2020T2;70,7
Mujeres;12 Galicia;Total;2020T1;84,9
Mujeres;12 Galicia;Total;2019T4;79,5
Mujeres;12 Galicia;Total;2019T3;79,7
Mujeres;12 Galicia;Total;2019T2;71,4
Mujeres;12 Galicia;Total;2019T1;76,5
Mujeres;12 Galicia;Total;2018T4;76,2
Mujeres;12 Galicia;Total;2018T3;81
Mujeres;12 Galicia;Total;2018T2;92,8
Mujeres;12 Galicia;Total;2018T1;95,4
Mujeres;12 Galicia;Total;2017T4;90,5
Mujeres;12 Galicia;Total;2017T3;95,6
Mujeres;12 Galicia;Total;2017T2;101,9
Mujeres;12 Galicia;Total;2017T1;105,2
Mujeres;12 Galicia;Total;2016T4;101,5
Mujeres;12 Galicia;Total;2016T3;102,5
Mujeres;12 Galicia;Total;2016T2;109,3
Mujeres;12 Galicia;Total;2016T1;113,3
Mujeres;12 Galicia;Total;2015T4;111,4
Mujeres;12 Galicia;Total;2015T3;112,3
Mujeres;12 Galicia;Total;2015T2;123,7
Mujeres;12 Galicia;Total;2015T1;132,8
Mujeres;12 Galicia;Total;2014T4;125,9
Mujeres;12 Galicia;Total;2014T3;123,3
Mujeres;12 Galicia;Total;2014T2;137,4
Mujeres;12 Galicia;Total;2014T1;138,3
Mujeres;12 Galicia;Total;2013T4;128,9
Mujeres;12 Galicia;Total;2013T3;128,8
Mujeres;12 Galicia;Total;2013T2;136,7
Mujeres;12 Galicia;Total;2013T1;133,9
Mujeres;12 Galicia;Total;2012T4;128,7
Mujeres;12 Galicia;Total;2012T3;121,1
Mujeres;12 Galicia;Total;2012T2;123,4
Mujeres;12 Galicia;Total;2012T1;126,5
Mujeres;12 Galicia;Total;2011T4;116,8
Mujeres;12 Galicia;Total;2011T3;111
Mujeres;12 Galicia;Total;2011T2;106,9
Mujeres;12 Galicia;Total;2011T1;108,6
Mujeres;13 Madrid, Comunidad de;Total;2021T3;221,8
Mujeres;13 Madrid, Comunidad de;Total;2021T2;225,9
Mujeres;13 Madrid, Comunidad de;Total;2021T1;237,1
Mujeres;13 Madrid, Comunidad de;Total;2020T4;252,5
Mujeres;13 Madrid, Comunidad de;Total;2020T3;246,5
Mujeres;13 Madrid, Comunidad de;Total;2020T2;222,9
Mujeres;13 Madrid, Comunidad de;Total;2020T1;199,8
Mujeres;13 Madrid, Comunidad de;Total;2019T4;183,8
Mujeres;13 Madrid, Comunidad de;Total;2019T3;187,1
Mujeres;13 Madrid, Comunidad de;Total;2019T2;191,6
Mujeres;13 Madrid, Comunidad de;Total;2019T1;215,3
Mujeres;13 Madrid, Comunidad de;Total;2018T4;201,1
Mujeres;13 Madrid, Comunidad de;Total;2018T3;205,9
Mujeres;13 Madrid, Comunidad de;Total;2018T2;211,3
Mujeres;13 Madrid, Comunidad de;Total;2018T1;231,1
Mujeres;13 Madrid, Comunidad de;Total;2017T4;241,3
Mujeres;13 Madrid, Comunidad de;Total;2017T3;209,9
Mujeres;13 Madrid, Comunidad de;Total;2017T2;215,7
Mujeres;13 Madrid, Comunidad de;Total;2017T1;241,3
Mujeres;13 Madrid, Comunidad de;Total;2016T4;245,7
Mujeres;13 Madrid, Comunidad de;Total;2016T3;261,2
Mujeres;13 Madrid, Comunidad de;Total;2016T2;277,3
Mujeres;13 Madrid, Comunidad de;Total;2016T1;293,4
Mujeres;13 Madrid, Comunidad de;Total;2015T4;276,6
Mujeres;13 Madrid, Comunidad de;Total;2015T3;271
Mujeres;13 Madrid, Comunidad de;Total;2015T2;302,8
Mujeres;13 Madrid, Comunidad de;Total;2015T1;283,2
Mujeres;13 Madrid, Comunidad de;Total;2014T4;291,5
Mujeres;13 Madrid, Comunidad de;Total;2014T3;301,6
Mujeres;13 Madrid, Comunidad de;Total;2014T2;316,9
Mujeres;13 Madrid, Comunidad de;Total;2014T1;352,6
Mujeres;13 Madrid, Comunidad de;Total;2013T4;350,9
Mujeres;13 Madrid, Comunidad de;Total;2013T3;324,1
Mujeres;13 Madrid, Comunidad de;Total;2013T2;321,1
Mujeres;13 Madrid, Comunidad de;Total;2013T1;335,3
Mujeres;13 Madrid, Comunidad de;Total;2012T4;311,7
Mujeres;13 Madrid, Comunidad de;Total;2012T3;297,6
Mujeres;13 Madrid, Comunidad de;Total;2012T2;296,3
Mujeres;13 Madrid, Comunidad de;Total;2012T1;286,7
Mujeres;13 Madrid, Comunidad de;Total;2011T4;283,1
Mujeres;13 Madrid, Comunidad de;Total;2011T3;278,7
Mujeres;13 Madrid, Comunidad de;Total;2011T2;245,3
Mujeres;13 Madrid, Comunidad de;Total;2011T1;257,8
Mujeres;14 Murcia, Región de;Total;2021T3;58,3
Mujeres;14 Murcia, Región de;Total;2021T2;51,1
Mujeres;14 Murcia, Región de;Total;2021T1;65,9
Mujeres;14 Murcia, Región de;Total;2020T4;60,7
Mujeres;14 Murcia, Región de;Total;2020T3;67,5
Mujeres;14 Murcia, Región de;Total;2020T2;58
Mujeres;14 Murcia, Región de;Total;2020T1;61,8
Mujeres;14 Murcia, Región de;Total;2019T4;64,8
Mujeres;14 Murcia, Región de;Total;2019T3;53
Mujeres;14 Murcia, Región de;Total;2019T2;52,7
Mujeres;14 Murcia, Región de;Total;2019T1;61,3
Mujeres;14 Murcia, Región de;Total;2018T4;65,8
Mujeres;14 Murcia, Región de;Total;2018T3;62,2
Mujeres;14 Murcia, Región de;Total;2018T2;64,1
Mujeres;14 Murcia, Región de;Total;2018T1;72,5
Mujeres;14 Murcia, Región de;Total;2017T4;62,4
Mujeres;14 Murcia, Región de;Total;2017T3;64,7
Mujeres;14 Murcia, Región de;Total;2017T2;69,3
Mujeres;14 Murcia, Región de;Total;2017T1;74,5
Mujeres;14 Murcia, Región de;Total;2016T4;69,1
Mujeres;14 Murcia, Región de;Total;2016T3;66,9
Mujeres;14 Murcia, Región de;Total;2016T2;64,8
Mujeres;14 Murcia, Región de;Total;2016T1;79,1
Mujeres;14 Murcia, Región de;Total;2015T4;83,7
Mujeres;14 Murcia, Región de;Total;2015T3;80
Mujeres;14 Murcia, Región de;Total;2015T2;94,5
Mujeres;14 Murcia, Región de;Total;2015T1;88,9
Mujeres;14 Murcia, Región de;Total;2014T4;95,4
Mujeres;14 Murcia, Región de;Total;2014T3;95,4
Mujeres;14 Murcia, Región de;Total;2014T2;89,9
Mujeres;14 Murcia, Región de;Total;2014T1;90
Mujeres;14 Murcia, Región de;Total;2013T4;94,8
Mujeres;14 Murcia, Región de;Total;2013T3;93,3
Mujeres;14 Murcia, Región de;Total;2013T2;92,9
Mujeres;14 Murcia, Región de;Total;2013T1;91,6
Mujeres;14 Murcia, Región de;Total;2012T4;95,2
Mujeres;14 Murcia, Región de;Total;2012T3;91,3
Mujeres;14 Murcia, Región de;Total;2012T2;83,3
Mujeres;14 Murcia, Región de;Total;2012T1;80,2
Mujeres;14 Murcia, Región de;Total;2011T4;83,9
Mujeres;14 Murcia, Región de;Total;2011T3;75,9
Mujeres;14 Murcia, Región de;Total;2011T2;73,5
Mujeres;14 Murcia, Región de;Total;2011T1;77,5
Mujeres;15 Navarra, Comunidad Foral de;Total;2021T3;14,1
Mujeres;15 Navarra, Comunidad Foral de;Total;2021T2;14,8
Mujeres;15 Navarra, Comunidad Foral de;Total;2021T1;16,7
Mujeres;15 Navarra, Comunidad Foral de;Total;2020T4;17,7
Mujeres;15 Navarra, Comunidad Foral de;Total;2020T3;13,8
Mujeres;15 Navarra, Comunidad Foral de;Total;2020T2;13,8
Mujeres;15 Navarra, Comunidad Foral de;Total;2020T1;12,8
Mujeres;15 Navarra, Comunidad Foral de;Total;2019T4;14,9
Mujeres;15 Navarra, Comunidad Foral de;Total;2019T3;14,7
Mujeres;15 Navarra, Comunidad Foral de;Total;2019T2;12,6
Mujeres;15 Navarra, Comunidad Foral de;Total;2019T1;12,1
Mujeres;15 Navarra, Comunidad Foral de;Total;2018T4;16,6
Mujeres;15 Navarra, Comunidad Foral de;Total;2018T3;16,8
Mujeres;15 Navarra, Comunidad Foral de;Total;2018T2;16,1
Mujeres;15 Navarra, Comunidad Foral de;Total;2018T1;16,1
Mujeres;15 Navarra, Comunidad Foral de;Total;2017T4;16,9
Mujeres;15 Navarra, Comunidad Foral de;Total;2017T3;19,9
Mujeres;15 Navarra, Comunidad Foral de;Total;2017T2;20,9
Mujeres;15 Navarra, Comunidad Foral de;Total;2017T1;17,8
Mujeres;15 Navarra, Comunidad Foral de;Total;2016T4;15,7
Mujeres;15 Navarra, Comunidad Foral de;Total;2016T3;19,8
Mujeres;15 Navarra, Comunidad Foral de;Total;2016T2;21,6
Mujeres;15 Navarra, Comunidad Foral de;Total;2016T1;24,1
Mujeres;15 Navarra, Comunidad Foral de;Total;2015T4;21,8
Mujeres;15 Navarra, Comunidad Foral de;Total;2015T3;21,5
Mujeres;15 Navarra, Comunidad Foral de;Total;2015T2;18,8
Mujeres;15 Navarra, Comunidad Foral de;Total;2015T1;23,8
Mujeres;15 Navarra, Comunidad Foral de;Total;2014T4;21,2
Mujeres;15 Navarra, Comunidad Foral de;Total;2014T3;20,1
Mujeres;15 Navarra, Comunidad Foral de;Total;2014T2;23,2
Mujeres;15 Navarra, Comunidad Foral de;Total;2014T1;26,7
Mujeres;15 Navarra, Comunidad Foral de;Total;2013T4;24,7
Mujeres;15 Navarra, Comunidad Foral de;Total;2013T3;26,5
Mujeres;15 Navarra, Comunidad Foral de;Total;2013T2;26,2
Mujeres;15 Navarra, Comunidad Foral de;Total;2013T1;29,7
Mujeres;15 Navarra, Comunidad Foral de;Total;2012T4;25,7
Mujeres;15 Navarra, Comunidad Foral de;Total;2012T3;20,6
Mujeres;15 Navarra, Comunidad Foral de;Total;2012T2;21
Mujeres;15 Navarra, Comunidad Foral de;Total;2012T1;22,6
Mujeres;15 Navarra, Comunidad Foral de;Total;2011T4;21
Mujeres;15 Navarra, Comunidad Foral de;Total;2011T3;17,4
Mujeres;15 Navarra, Comunidad Foral de;Total;2011T2;18,9
Mujeres;15 Navarra, Comunidad Foral de;Total;2011T1;20,7
Mujeres;16 País Vasco;Total;2021T3;52,8
Mujeres;16 País Vasco;Total;2021T2;51,8
Mujeres;16 País Vasco;Total;2021T1;55,6
Mujeres;16 País Vasco;Total;2020T4;56,6
Mujeres;16 País Vasco;Total;2020T3;53,5
Mujeres;16 País Vasco;Total;2020T2;50,1
Mujeres;16 País Vasco;Total;2020T1;45,8
Mujeres;16 País Vasco;Total;2019T4;48
Mujeres;16 País Vasco;Total;2019T3;51
Mujeres;16 País Vasco;Total;2019T2;37,6
Mujeres;16 País Vasco;Total;2019T1;51
Mujeres;16 País Vasco;Total;2018T4;49,3
Mujeres;16 País Vasco;Total;2018T3;43,8
Mujeres;16 País Vasco;Total;2018T2;45,9
Mujeres;16 País Vasco;Total;2018T1;53,6
Mujeres;16 País Vasco;Total;2017T4;51,5
Mujeres;16 País Vasco;Total;2017T3;60,2
Mujeres;16 País Vasco;Total;2017T2;60,5
Mujeres;16 País Vasco;Total;2017T1;62,5
Mujeres;16 País Vasco;Total;2016T4;61,1
Mujeres;16 País Vasco;Total;2016T3;71
Mujeres;16 País Vasco;Total;2016T2;61,3
Mujeres;16 País Vasco;Total;2016T1;62,9
Mujeres;16 País Vasco;Total;2015T4;65,8
Mujeres;16 País Vasco;Total;2015T3;65,5
Mujeres;16 País Vasco;Total;2015T2;75
Mujeres;16 País Vasco;Total;2015T1;77,9
Mujeres;16 País Vasco;Total;2014T4;81
Mujeres;16 País Vasco;Total;2014T3;73,5
Mujeres;16 País Vasco;Total;2014T2;74,9
Mujeres;16 País Vasco;Total;2014T1;83,5
Mujeres;16 País Vasco;Total;2013T4;81,3
Mujeres;16 País Vasco;Total;2013T3;82,4
Mujeres;16 País Vasco;Total;2013T2;75,4
Mujeres;16 País Vasco;Total;2013T1;82,7
Mujeres;16 País Vasco;Total;2012T4;82,6
Mujeres;16 País Vasco;Total;2012T3;79,3
Mujeres;16 País Vasco;Total;2012T2;79,3
Mujeres;16 País Vasco;Total;2012T1;69,3
Mujeres;16 País Vasco;Total;2011T4;72
Mujeres;16 País Vasco;Total;2011T3;65,9
Mujeres;16 País Vasco;Total;2011T2;63,6
Mujeres;16 País Vasco;Total;2011T1;61,5
Mujeres;17 Rioja, La;Total;2021T3;11,2
Mujeres;17 Rioja, La;Total;2021T2;12,5
Mujeres;17 Rioja, La;Total;2021T1;12
Mujeres;17 Rioja, La;Total;2020T4;9,7
Mujeres;17 Rioja, La;Total;2020T3;10
Mujeres;17 Rioja, La;Total;2020T2;6,7
Mujeres;17 Rioja, La;Total;2020T1;9,7
Mujeres;17 Rioja, La;Total;2019T4;6,9
Mujeres;17 Rioja, La;Total;2019T3;5,8
Mujeres;17 Rioja, La;Total;2019T2;7,2
Mujeres;17 Rioja, La;Total;2019T1;8,9
Mujeres;17 Rioja, La;Total;2018T4;8,4
Mujeres;17 Rioja, La;Total;2018T3;8
Mujeres;17 Rioja, La;Total;2018T2;9,4
Mujeres;17 Rioja, La;Total;2018T1;8,7
Mujeres;17 Rioja, La;Total;2017T4;9,8
Mujeres;17 Rioja, La;Total;2017T3;10
Mujeres;17 Rioja, La;Total;2017T2;10,4
Mujeres;17 Rioja, La;Total;2017T1;11,7
Mujeres;17 Rioja, La;Total;2016T4;9,1
Mujeres;17 Rioja, La;Total;2016T3;10,2
Mujeres;17 Rioja, La;Total;2016T2;13,3
Mujeres;17 Rioja, La;Total;2016T1;9,9
Mujeres;17 Rioja, La;Total;2015T4;9,5
Mujeres;17 Rioja, La;Total;2015T3;9,3
Mujeres;17 Rioja, La;Total;2015T2;13,8
Mujeres;17 Rioja, La;Total;2015T1;14,7
Mujeres;17 Rioja, La;Total;2014T4;15
Mujeres;17 Rioja, La;Total;2014T3;14,9
Mujeres;17 Rioja, La;Total;2014T2;14,7
Mujeres;17 Rioja, La;Total;2014T1;16,3
Mujeres;17 Rioja, La;Total;2013T4;16,7
Mujeres;17 Rioja, La;Total;2013T3;14,6
Mujeres;17 Rioja, La;Total;2013T2;14,5
Mujeres;17 Rioja, La;Total;2013T1;14,1
Mujeres;17 Rioja, La;Total;2012T4;13,4
Mujeres;17 Rioja, La;Total;2012T3;16,1
Mujeres;17 Rioja, La;Total;2012T2;17,9
Mujeres;17 Rioja, La;Total;2012T1;16,3
Mujeres;17 Rioja, La;Total;2011T4;14,4
Mujeres;17 Rioja, La;Total;2011T3;13,8
Mujeres;17 Rioja, La;Total;2011T2;11,7
Mujeres;17 Rioja, La;Total;2011T1;11,6
Mujeres;18 Ceuta;Total;2021T3;5,5
Mujeres;18 Ceuta;Total;2021T2;5,2
Mujeres;18 Ceuta;Total;2021T1;5,2
Mujeres;18 Ceuta;Total;2020T4;5
Mujeres;18 Ceuta;Total;2020T3;5
Mujeres;18 Ceuta;Total;2020T2;3,5
Mujeres;18 Ceuta;Total;2020T1;4,3
Mujeres;18 Ceuta;Total;2019T4;4,9
Mujeres;18 Ceuta;Total;2019T3;5,2
Mujeres;18 Ceuta;Total;2019T2;4,2
Mujeres;18 Ceuta;Total;2019T1;4,7
Mujeres;18 Ceuta;Total;2018T4;4,9
Mujeres;18 Ceuta;Total;2018T3;7,2
Mujeres;18 Ceuta;Total;2018T2;6,6
Mujeres;18 Ceuta;Total;2018T1;7
Mujeres;18 Ceuta;Total;2017T4;5,5
Mujeres;18 Ceuta;Total;2017T3;5,1
Mujeres;18 Ceuta;Total;2017T2;3,6
Mujeres;18 Ceuta;Total;2017T1;4,2
Mujeres;18 Ceuta;Total;2016T4;4,1
Mujeres;18 Ceuta;Total;2016T3;5,1
Mujeres;18 Ceuta;Total;2016T2;4,7
Mujeres;18 Ceuta;Total;2016T1;5,3
Mujeres;18 Ceuta;Total;2015T4;4,5
Mujeres;18 Ceuta;Total;2015T3;6,6
Mujeres;18 Ceuta;Total;2015T2;4,7
Mujeres;18 Ceuta;Total;2015T1;6,1
Mujeres;18 Ceuta;Total;2014T4;6
Mujeres;18 Ceuta;Total;2014T3;5,3
Mujeres;18 Ceuta;Total;2014T2;5,5
Mujeres;18 Ceuta;Total;2014T1;4,9
Mujeres;18 Ceuta;Total;2013T4;6,9
Mujeres;18 Ceuta;Total;2013T3;6,5
Mujeres;18 Ceuta;Total;2013T2;6,3
Mujeres;18 Ceuta;Total;2013T1;7,9
Mujeres;18 Ceuta;Total;2012T4;7,5
Mujeres;18 Ceuta;Total;2012T3;9,3
Mujeres;18 Ceuta;Total;2012T2;7,1
Mujeres;18 Ceuta;Total;2012T1;6,7
Mujeres;18 Ceuta;Total;2011T4;5,9
Mujeres;18 Ceuta;Total;2011T3;5,5
Mujeres;18 Ceuta;Total;2011T2;4,9
Mujeres;18 Ceuta;Total;2011T1;4,2
Mujeres;19 Melilla;Total;2021T3;4,2
Mujeres;19 Melilla;Total;2021T2;2,8
Mujeres;19 Melilla;Total;2021T1;4,7
Mujeres;19 Melilla;Total;2020T4;5,2
Mujeres;19 Melilla;Total;2020T3;5
Mujeres;19 Melilla;Total;2020T2;4,7
Mujeres;19 Melilla;Total;2020T1;4,3
Mujeres;19 Melilla;Total;2019T4;5,6
Mujeres;19 Melilla;Total;2019T3;6,2
Mujeres;19 Melilla;Total;2019T2;5,2
Mujeres;19 Melilla;Total;2019T1;5
Mujeres;19 Melilla;Total;2018T4;4,6
Mujeres;19 Melilla;Total;2018T3;5,5
Mujeres;19 Melilla;Total;2018T2;5,6
Mujeres;19 Melilla;Total;2018T1;5,1
Mujeres;19 Melilla;Total;2017T4;4,7
Mujeres;19 Melilla;Total;2017T3;5,6
Mujeres;19 Melilla;Total;2017T2;6,2
Mujeres;19 Melilla;Total;2017T1;6,3
Mujeres;19 Melilla;Total;2016T4;5,4
Mujeres;19 Melilla;Total;2016T3;6,3
Mujeres;19 Melilla;Total;2016T2;5,5
Mujeres;19 Melilla;Total;2016T1;4,8
Mujeres;19 Melilla;Total;2015T4;5,2
Mujeres;19 Melilla;Total;2015T3;5,4
Mujeres;19 Melilla;Total;2015T2;6,1
Mujeres;19 Melilla;Total;2015T1;6,8
Mujeres;19 Melilla;Total;2014T4;5,9
Mujeres;19 Melilla;Total;2014T3;6,1
Mujeres;19 Melilla;Total;2014T2;5
Mujeres;19 Melilla;Total;2014T1;3,8
Mujeres;19 Melilla;Total;2013T4;4,7
Mujeres;19 Melilla;Total;2013T3;6
Mujeres;19 Melilla;Total;2013T2;4,2
Mujeres;19 Melilla;Total;2013T1;4,3
Mujeres;19 Melilla;Total;2012T4;4,4
Mujeres;19 Melilla;Total;2012T3;5,1
Mujeres;19 Melilla;Total;2012T2;4,8
Mujeres;19 Melilla;Total;2012T1;4,3
Mujeres;19 Melilla;Total;2011T4;5
Mujeres;19 Melilla;Total;2011T3;3,5
Mujeres;19 Melilla;Total;2011T2;3,2
Mujeres;19 Melilla;Total;2011T1;3,5
